run_accession	study_accession	secondary_study_accession	sample_accession	secondary_sample_accession	experiment_accession	tax_id	scientific_name	study_title	study_alias	experiment_alias	fastq_ftp	submitted_ftp	sample_alias	sample_title	bam_ftp
ERR4153677	PRJEB38332	ERP121748	SAMEA6838731	ERS4566341	ERX4119427	1616037	milk metagenome	Cow milk microbiota composition from 16S rRNA-gene sequencing: different dry-cow therapy treatments (two antibiotics, teat sealant, controls)	ena-STUDY-CNR-15-05-2020-13:50:32:549-515	ena-EXPERIMENT-CNR-15-05-2020-19:10:00:939-5	ftp.sra.ebi.ac.uk/vol1/fastq/ERR415/007/ERR4153677/ERR4153677_1.fastq.gz;ftp.sra.ebi.ac.uk/vol1/fastq/ERR415/007/ERR4153677/ERR4153677_2.fastq.gz	ftp.sra.ebi.ac.uk/vol1/run/ERR415/ERR4153677/355_S5_L001_R1_001.fastq.gz;ftp.sra.ebi.ac.uk/vol1/run/ERR415/ERR4153677/355_S5_L001_R2_001.fastq.gz	355_S5	355_S5	
ERR4153682	PRJEB38332	ERP121748	SAMEA6838736	ERS4566346	ERX4119432	1616037	milk metagenome	Cow milk microbiota composition from 16S rRNA-gene sequencing: different dry-cow therapy treatments (two antibiotics, teat sealant, controls)	ena-STUDY-CNR-15-05-2020-13:50:32:549-515	ena-EXPERIMENT-CNR-15-05-2020-19:10:00:939-10	ftp.sra.ebi.ac.uk/vol1/fastq/ERR415/002/ERR4153682/ERR4153682_1.fastq.gz;ftp.sra.ebi.ac.uk/vol1/fastq/ERR415/002/ERR4153682/ERR4153682_2.fastq.gz	ftp.sra.ebi.ac.uk/vol1/run/ERR415/ERR4153682/366_S10_L001_R1_001.fastq.gz;ftp.sra.ebi.ac.uk/vol1/run/ERR415/ERR4153682/366_S10_L001_R2_001.fastq.gz	366_S10	366_S10	
ERR4153685	PRJEB38332	ERP121748	SAMEA6838739	ERS4566349	ERX4119435	1616037	milk metagenome	Cow milk microbiota composition from 16S rRNA-gene sequencing: different dry-cow therapy treatments (two antibiotics, teat sealant, controls)	ena-STUDY-CNR-15-05-2020-13:50:32:549-515	ena-EXPERIMENT-CNR-15-05-2020-19:10:00:939-13	ftp.sra.ebi.ac.uk/vol1/fastq/ERR415/005/ERR4153685/ERR4153685_1.fastq.gz;ftp.sra.ebi.ac.uk/vol1/fastq/ERR415/005/ERR4153685/ERR4153685_2.fastq.gz	ftp.sra.ebi.ac.uk/vol1/run/ERR415/ERR4153685/321_S13_L001_R1_001.fastq.gz;ftp.sra.ebi.ac.uk/vol1/run/ERR415/ERR4153685/321_S13_L001_R2_001.fastq.gz	321_S13	321_S13	
ERR4153691	PRJEB38332	ERP121748	SAMEA6838745	ERS4566355	ERX4119441	1616037	milk metagenome	Cow milk microbiota composition from 16S rRNA-gene sequencing: different dry-cow therapy treatments (two antibiotics, teat sealant, controls)	ena-STUDY-CNR-15-05-2020-13:50:32:549-515	ena-EXPERIMENT-CNR-15-05-2020-19:10:00:940-19	ftp.sra.ebi.ac.uk/vol1/fastq/ERR415/001/ERR4153691/ERR4153691_1.fastq.gz;ftp.sra.ebi.ac.uk/vol1/fastq/ERR415/001/ERR4153691/ERR4153691_2.fastq.gz	ftp.sra.ebi.ac.uk/vol1/run/ERR415/ERR4153691/365_S19_L001_R1_001.fastq.gz;ftp.sra.ebi.ac.uk/vol1/run/ERR415/ERR4153691/365_S19_L001_R2_001.fastq.gz	365_S19	365_S19	
ERR4153692	PRJEB38332	ERP121748	SAMEA6838746	ERS4566356	ERX4119442	1616037	milk metagenome	Cow milk microbiota composition from 16S rRNA-gene sequencing: different dry-cow therapy treatments (two antibiotics, teat sealant, controls)	ena-STUDY-CNR-15-05-2020-13:50:32:549-515	ena-EXPERIMENT-CNR-15-05-2020-19:10:00:940-20	ftp.sra.ebi.ac.uk/vol1/fastq/ERR415/002/ERR4153692/ERR4153692_1.fastq.gz;ftp.sra.ebi.ac.uk/vol1/fastq/ERR415/002/ERR4153692/ERR4153692_2.fastq.gz	ftp.sra.ebi.ac.uk/vol1/run/ERR415/ERR4153692/365_S20_L001_R1_001.fastq.gz;ftp.sra.ebi.ac.uk/vol1/run/ERR415/ERR4153692/365_S20_L001_R2_001.fastq.gz	365_S20	365_S20	
ERR4153699	PRJEB38332	ERP121748	SAMEA6838753	ERS4566363	ERX4119449	1616037	milk metagenome	Cow milk microbiota composition from 16S rRNA-gene sequencing: different dry-cow therapy treatments (two antibiotics, teat sealant, controls)	ena-STUDY-CNR-15-05-2020-13:50:32:549-515	ena-EXPERIMENT-CNR-15-05-2020-19:10:00:940-27	ftp.sra.ebi.ac.uk/vol1/fastq/ERR415/009/ERR4153699/ERR4153699_1.fastq.gz;ftp.sra.ebi.ac.uk/vol1/fastq/ERR415/009/ERR4153699/ERR4153699_2.fastq.gz	ftp.sra.ebi.ac.uk/vol1/run/ERR415/ERR4153699/355_S27_L001_R1_001.fastq.gz;ftp.sra.ebi.ac.uk/vol1/run/ERR415/ERR4153699/355_S27_L001_R2_001.fastq.gz	355_S27	355_S27	
ERR4153702	PRJEB38332	ERP121748	SAMEA6838756	ERS4566366	ERX4119452	1616037	milk metagenome	Cow milk microbiota composition from 16S rRNA-gene sequencing: different dry-cow therapy treatments (two antibiotics, teat sealant, controls)	ena-STUDY-CNR-15-05-2020-13:50:32:549-515	ena-EXPERIMENT-CNR-15-05-2020-19:10:00:940-30	ftp.sra.ebi.ac.uk/vol1/fastq/ERR415/002/ERR4153702/ERR4153702_1.fastq.gz;ftp.sra.ebi.ac.uk/vol1/fastq/ERR415/002/ERR4153702/ERR4153702_2.fastq.gz	ftp.sra.ebi.ac.uk/vol1/run/ERR415/ERR4153702/366_S30_L001_R1_001.fastq.gz;ftp.sra.ebi.ac.uk/vol1/run/ERR415/ERR4153702/366_S30_L001_R2_001.fastq.gz	366_S30	366_S30	
ERR4153703	PRJEB38332	ERP121748	SAMEA6838757	ERS4566367	ERX4119453	1616037	milk metagenome	Cow milk microbiota composition from 16S rRNA-gene sequencing: different dry-cow therapy treatments (two antibiotics, teat sealant, controls)	ena-STUDY-CNR-15-05-2020-13:50:32:549-515	ena-EXPERIMENT-CNR-15-05-2020-19:10:00:940-31	ftp.sra.ebi.ac.uk/vol1/fastq/ERR415/003/ERR4153703/ERR4153703_1.fastq.gz;ftp.sra.ebi.ac.uk/vol1/fastq/ERR415/003/ERR4153703/ERR4153703_2.fastq.gz	ftp.sra.ebi.ac.uk/vol1/run/ERR415/ERR4153703/366_S31_L001_R1_001.fastq.gz;ftp.sra.ebi.ac.uk/vol1/run/ERR415/ERR4153703/366_S31_L001_R2_001.fastq.gz	366_S31	366_S31	
ERR4153704	PRJEB38332	ERP121748	SAMEA6838758	ERS4566368	ERX4119454	1616037	milk metagenome	Cow milk microbiota composition from 16S rRNA-gene sequencing: different dry-cow therapy treatments (two antibiotics, teat sealant, controls)	ena-STUDY-CNR-15-05-2020-13:50:32:549-515	ena-EXPERIMENT-CNR-15-05-2020-19:10:00:940-32	ftp.sra.ebi.ac.uk/vol1/fastq/ERR415/004/ERR4153704/ERR4153704_1.fastq.gz;ftp.sra.ebi.ac.uk/vol1/fastq/ERR415/004/ERR4153704/ERR4153704_2.fastq.gz	ftp.sra.ebi.ac.uk/vol1/run/ERR415/ERR4153704/366_S32_L001_R1_001.fastq.gz;ftp.sra.ebi.ac.uk/vol1/run/ERR415/ERR4153704/366_S32_L001_R2_001.fastq.gz	366_S32	366_S32	
ERR4153705	PRJEB38332	ERP121748	SAMEA6838759	ERS4566369	ERX4119455	1616037	milk metagenome	Cow milk microbiota composition from 16S rRNA-gene sequencing: different dry-cow therapy treatments (two antibiotics, teat sealant, controls)	ena-STUDY-CNR-15-05-2020-13:50:32:549-515	ena-EXPERIMENT-CNR-15-05-2020-19:10:00:940-33	ftp.sra.ebi.ac.uk/vol1/fastq/ERR415/005/ERR4153705/ERR4153705_1.fastq.gz;ftp.sra.ebi.ac.uk/vol1/fastq/ERR415/005/ERR4153705/ERR4153705_2.fastq.gz	ftp.sra.ebi.ac.uk/vol1/run/ERR415/ERR4153705/321_S33_L001_R1_001.fastq.gz;ftp.sra.ebi.ac.uk/vol1/run/ERR415/ERR4153705/321_S33_L001_R2_001.fastq.gz	321_S33	321_S33	
ERR4153712	PRJEB38332	ERP121748	SAMEA6838766	ERS4566376	ERX4119462	1616037	milk metagenome	Cow milk microbiota composition from 16S rRNA-gene sequencing: different dry-cow therapy treatments (two antibiotics, teat sealant, controls)	ena-STUDY-CNR-15-05-2020-13:50:32:549-515	ena-EXPERIMENT-CNR-15-05-2020-19:10:00:940-40	ftp.sra.ebi.ac.uk/vol1/fastq/ERR415/002/ERR4153712/ERR4153712_1.fastq.gz;ftp.sra.ebi.ac.uk/vol1/fastq/ERR415/002/ERR4153712/ERR4153712_2.fastq.gz	ftp.sra.ebi.ac.uk/vol1/run/ERR415/ERR4153712/365_S40_L001_R1_001.fastq.gz;ftp.sra.ebi.ac.uk/vol1/run/ERR415/ERR4153712/365_S40_L001_R2_001.fastq.gz	365_S40	365_S40	
ERR4153713	PRJEB38332	ERP121748	SAMEA6838767	ERS4566377	ERX4119463	1616037	milk metagenome	Cow milk microbiota composition from 16S rRNA-gene sequencing: different dry-cow therapy treatments (two antibiotics, teat sealant, controls)	ena-STUDY-CNR-15-05-2020-13:50:32:549-515	ena-EXPERIMENT-CNR-15-05-2020-19:10:00:940-41	ftp.sra.ebi.ac.uk/vol1/fastq/ERR415/003/ERR4153713/ERR4153713_1.fastq.gz;ftp.sra.ebi.ac.uk/vol1/fastq/ERR415/003/ERR4153713/ERR4153713_2.fastq.gz	ftp.sra.ebi.ac.uk/vol1/run/ERR415/ERR4153713/270_S41_L001_R1_001.fastq.gz;ftp.sra.ebi.ac.uk/vol1/run/ERR415/ERR4153713/270_S41_L001_R2_001.fastq.gz	270_S41	270_S41	
ERR4153714	PRJEB38332	ERP121748	SAMEA6838768	ERS4566378	ERX4119464	1616037	milk metagenome	Cow milk microbiota composition from 16S rRNA-gene sequencing: different dry-cow therapy treatments (two antibiotics, teat sealant, controls)	ena-STUDY-CNR-15-05-2020-13:50:32:549-515	ena-EXPERIMENT-CNR-15-05-2020-19:10:00:941-42	ftp.sra.ebi.ac.uk/vol1/fastq/ERR415/004/ERR4153714/ERR4153714_1.fastq.gz;ftp.sra.ebi.ac.uk/vol1/fastq/ERR415/004/ERR4153714/ERR4153714_2.fastq.gz	ftp.sra.ebi.ac.uk/vol1/run/ERR415/ERR4153714/270_S42_L001_R1_001.fastq.gz;ftp.sra.ebi.ac.uk/vol1/run/ERR415/ERR4153714/270_S42_L001_R2_001.fastq.gz	270_S42	270_S42	
ERR4153717	PRJEB38332	ERP121748	SAMEA6838771	ERS4566381	ERX4119467	1616037	milk metagenome	Cow milk microbiota composition from 16S rRNA-gene sequencing: different dry-cow therapy treatments (two antibiotics, teat sealant, controls)	ena-STUDY-CNR-15-05-2020-13:50:32:549-515	ena-EXPERIMENT-CNR-15-05-2020-19:10:00:941-45	ftp.sra.ebi.ac.uk/vol1/fastq/ERR415/007/ERR4153717/ERR4153717_1.fastq.gz;ftp.sra.ebi.ac.uk/vol1/fastq/ERR415/007/ERR4153717/ERR4153717_2.fastq.gz	ftp.sra.ebi.ac.uk/vol1/run/ERR415/ERR4153717/355_S45_L001_R1_001.fastq.gz;ftp.sra.ebi.ac.uk/vol1/run/ERR415/ERR4153717/355_S45_L001_R2_001.fastq.gz	355_S45	355_S45	
ERR4153720	PRJEB38332	ERP121748	SAMEA6838774	ERS4566384	ERX4119470	1616037	milk metagenome	Cow milk microbiota composition from 16S rRNA-gene sequencing: different dry-cow therapy treatments (two antibiotics, teat sealant, controls)	ena-STUDY-CNR-15-05-2020-13:50:32:549-515	ena-EXPERIMENT-CNR-15-05-2020-19:10:00:941-48	ftp.sra.ebi.ac.uk/vol1/fastq/ERR415/000/ERR4153720/ERR4153720_1.fastq.gz;ftp.sra.ebi.ac.uk/vol1/fastq/ERR415/000/ERR4153720/ERR4153720_2.fastq.gz	ftp.sra.ebi.ac.uk/vol1/run/ERR415/ERR4153720/355_S48_L001_R1_001.fastq.gz;ftp.sra.ebi.ac.uk/vol1/run/ERR415/ERR4153720/355_S48_L001_R2_001.fastq.gz	355_S48	355_S48	
ERR4153722	PRJEB38332	ERP121748	SAMEA6838776	ERS4566386	ERX4119472	1616037	milk metagenome	Cow milk microbiota composition from 16S rRNA-gene sequencing: different dry-cow therapy treatments (two antibiotics, teat sealant, controls)	ena-STUDY-CNR-15-05-2020-13:50:32:549-515	ena-EXPERIMENT-CNR-15-05-2020-19:10:00:941-50	ftp.sra.ebi.ac.uk/vol1/fastq/ERR415/002/ERR4153722/ERR4153722_1.fastq.gz;ftp.sra.ebi.ac.uk/vol1/fastq/ERR415/002/ERR4153722/ERR4153722_2.fastq.gz	ftp.sra.ebi.ac.uk/vol1/run/ERR415/ERR4153722/366_S50_L001_R1_001.fastq.gz;ftp.sra.ebi.ac.uk/vol1/run/ERR415/ERR4153722/366_S50_L001_R2_001.fastq.gz	366_S50	366_S50	
ERR4153727	PRJEB38332	ERP121748	SAMEA6838781	ERS4566391	ERX4119477	1616037	milk metagenome	Cow milk microbiota composition from 16S rRNA-gene sequencing: different dry-cow therapy treatments (two antibiotics, teat sealant, controls)	ena-STUDY-CNR-15-05-2020-13:50:32:549-515	ena-EXPERIMENT-CNR-15-05-2020-19:10:00:941-55	ftp.sra.ebi.ac.uk/vol1/fastq/ERR415/007/ERR4153727/ERR4153727_1.fastq.gz;ftp.sra.ebi.ac.uk/vol1/fastq/ERR415/007/ERR4153727/ERR4153727_2.fastq.gz	ftp.sra.ebi.ac.uk/vol1/run/ERR415/ERR4153727/321_S55_L001_R1_001.fastq.gz;ftp.sra.ebi.ac.uk/vol1/run/ERR415/ERR4153727/321_S55_L001_R2_001.fastq.gz	321_S55	321_S55	
ERR4153728	PRJEB38332	ERP121748	SAMEA6838782	ERS4566392	ERX4119478	1616037	milk metagenome	Cow milk microbiota composition from 16S rRNA-gene sequencing: different dry-cow therapy treatments (two antibiotics, teat sealant, controls)	ena-STUDY-CNR-15-05-2020-13:50:32:549-515	ena-EXPERIMENT-CNR-15-05-2020-19:10:00:941-56	ftp.sra.ebi.ac.uk/vol1/fastq/ERR415/008/ERR4153728/ERR4153728_1.fastq.gz;ftp.sra.ebi.ac.uk/vol1/fastq/ERR415/008/ERR4153728/ERR4153728_2.fastq.gz	ftp.sra.ebi.ac.uk/vol1/run/ERR415/ERR4153728/321_S56_L001_R1_001.fastq.gz;ftp.sra.ebi.ac.uk/vol1/run/ERR415/ERR4153728/321_S56_L001_R2_001.fastq.gz	321_S56	321_S56	
ERR4153730	PRJEB38332	ERP121748	SAMEA6838784	ERS4566394	ERX4119480	1616037	milk metagenome	Cow milk microbiota composition from 16S rRNA-gene sequencing: different dry-cow therapy treatments (two antibiotics, teat sealant, controls)	ena-STUDY-CNR-15-05-2020-13:50:32:549-515	ena-EXPERIMENT-CNR-15-05-2020-19:10:00:941-58	ftp.sra.ebi.ac.uk/vol1/fastq/ERR415/000/ERR4153730/ERR4153730_1.fastq.gz;ftp.sra.ebi.ac.uk/vol1/fastq/ERR415/000/ERR4153730/ERR4153730_2.fastq.gz	ftp.sra.ebi.ac.uk/vol1/run/ERR415/ERR4153730/365_S58_L001_R1_001.fastq.gz;ftp.sra.ebi.ac.uk/vol1/run/ERR415/ERR4153730/365_S58_L001_R2_001.fastq.gz	365_S58	365_S58	
ERR4153731	PRJEB38332	ERP121748	SAMEA6838785	ERS4566395	ERX4119481	1616037	milk metagenome	Cow milk microbiota composition from 16S rRNA-gene sequencing: different dry-cow therapy treatments (two antibiotics, teat sealant, controls)	ena-STUDY-CNR-15-05-2020-13:50:32:549-515	ena-EXPERIMENT-CNR-15-05-2020-19:10:00:941-59	ftp.sra.ebi.ac.uk/vol1/fastq/ERR415/001/ERR4153731/ERR4153731_1.fastq.gz;ftp.sra.ebi.ac.uk/vol1/fastq/ERR415/001/ERR4153731/ERR4153731_2.fastq.gz	ftp.sra.ebi.ac.uk/vol1/run/ERR415/ERR4153731/365_S59_L001_R1_001.fastq.gz;ftp.sra.ebi.ac.uk/vol1/run/ERR415/ERR4153731/365_S59_L001_R2_001.fastq.gz	365_S59	365_S59	
ERR4153673	PRJEB38332	ERP121748	SAMEA6838727	ERS4566337	ERX4119423	1616037	milk metagenome	Cow milk microbiota composition from 16S rRNA-gene sequencing: different dry-cow therapy treatments (two antibiotics, teat sealant, controls)	ena-STUDY-CNR-15-05-2020-13:50:32:549-515	ena-EXPERIMENT-CNR-15-05-2020-19:10:00:939-1	ftp.sra.ebi.ac.uk/vol1/fastq/ERR415/003/ERR4153673/ERR4153673_1.fastq.gz;ftp.sra.ebi.ac.uk/vol1/fastq/ERR415/003/ERR4153673/ERR4153673_2.fastq.gz	ftp.sra.ebi.ac.uk/vol1/run/ERR415/ERR4153673/270AS_S1_L001_R1_001.fastq.gz;ftp.sra.ebi.ac.uk/vol1/run/ERR415/ERR4153673/270AS_S1_L001_R2_001.fastq.gz	270AS_S1	270AS_S1	
ERR4153674	PRJEB38332	ERP121748	SAMEA6838728	ERS4566338	ERX4119424	1616037	milk metagenome	Cow milk microbiota composition from 16S rRNA-gene sequencing: different dry-cow therapy treatments (two antibiotics, teat sealant, controls)	ena-STUDY-CNR-15-05-2020-13:50:32:549-515	ena-EXPERIMENT-CNR-15-05-2020-19:10:00:939-2	ftp.sra.ebi.ac.uk/vol1/fastq/ERR415/004/ERR4153674/ERR4153674_1.fastq.gz;ftp.sra.ebi.ac.uk/vol1/fastq/ERR415/004/ERR4153674/ERR4153674_2.fastq.gz	ftp.sra.ebi.ac.uk/vol1/run/ERR415/ERR4153674/270AD_S2_L001_R1_001.fastq.gz;ftp.sra.ebi.ac.uk/vol1/run/ERR415/ERR4153674/270AD_S2_L001_R2_001.fastq.gz	270AD_S2	270AD_S2	
ERR4153675	PRJEB38332	ERP121748	SAMEA6838729	ERS4566339	ERX4119425	1616037	milk metagenome	Cow milk microbiota composition from 16S rRNA-gene sequencing: different dry-cow therapy treatments (two antibiotics, teat sealant, controls)	ena-STUDY-CNR-15-05-2020-13:50:32:549-515	ena-EXPERIMENT-CNR-15-05-2020-19:10:00:939-3	ftp.sra.ebi.ac.uk/vol1/fastq/ERR415/005/ERR4153675/ERR4153675_1.fastq.gz;ftp.sra.ebi.ac.uk/vol1/fastq/ERR415/005/ERR4153675/ERR4153675_2.fastq.gz	ftp.sra.ebi.ac.uk/vol1/run/ERR415/ERR4153675/270PD_S3_L001_R1_001.fastq.gz;ftp.sra.ebi.ac.uk/vol1/run/ERR415/ERR4153675/270PD_S3_L001_R2_001.fastq.gz	270PD_S3	270PD_S3	
ERR4153680	PRJEB38332	ERP121748	SAMEA6838734	ERS4566344	ERX4119430	1616037	milk metagenome	Cow milk microbiota composition from 16S rRNA-gene sequencing: different dry-cow therapy treatments (two antibiotics, teat sealant, controls)	ena-STUDY-CNR-15-05-2020-13:50:32:549-515	ena-EXPERIMENT-CNR-15-05-2020-19:10:00:939-8	ftp.sra.ebi.ac.uk/vol1/fastq/ERR415/000/ERR4153680/ERR4153680_1.fastq.gz;ftp.sra.ebi.ac.uk/vol1/fastq/ERR415/000/ERR4153680/ERR4153680_2.fastq.gz	ftp.sra.ebi.ac.uk/vol1/run/ERR415/ERR4153680/355_S8_L001_R1_001.fastq.gz;ftp.sra.ebi.ac.uk/vol1/run/ERR415/ERR4153680/355_S8_L001_R2_001.fastq.gz	355_S8	355_S8	
ERR4153681	PRJEB38332	ERP121748	SAMEA6838735	ERS4566345	ERX4119431	1616037	milk metagenome	Cow milk microbiota composition from 16S rRNA-gene sequencing: different dry-cow therapy treatments (two antibiotics, teat sealant, controls)	ena-STUDY-CNR-15-05-2020-13:50:32:549-515	ena-EXPERIMENT-CNR-15-05-2020-19:10:00:939-9	ftp.sra.ebi.ac.uk/vol1/fastq/ERR415/001/ERR4153681/ERR4153681_1.fastq.gz;ftp.sra.ebi.ac.uk/vol1/fastq/ERR415/001/ERR4153681/ERR4153681_2.fastq.gz	ftp.sra.ebi.ac.uk/vol1/run/ERR415/ERR4153681/366_S9_L001_R1_001.fastq.gz;ftp.sra.ebi.ac.uk/vol1/run/ERR415/ERR4153681/366_S9_L001_R2_001.fastq.gz	366_S9	366_S9	
ERR4153683	PRJEB38332	ERP121748	SAMEA6838737	ERS4566347	ERX4119433	1616037	milk metagenome	Cow milk microbiota composition from 16S rRNA-gene sequencing: different dry-cow therapy treatments (two antibiotics, teat sealant, controls)	ena-STUDY-CNR-15-05-2020-13:50:32:549-515	ena-EXPERIMENT-CNR-15-05-2020-19:10:00:939-11	ftp.sra.ebi.ac.uk/vol1/fastq/ERR415/003/ERR4153683/ERR4153683_1.fastq.gz;ftp.sra.ebi.ac.uk/vol1/fastq/ERR415/003/ERR4153683/ERR4153683_2.fastq.gz	ftp.sra.ebi.ac.uk/vol1/run/ERR415/ERR4153683/366_S11_L001_R1_001.fastq.gz;ftp.sra.ebi.ac.uk/vol1/run/ERR415/ERR4153683/366_S11_L001_R2_001.fastq.gz	366_S11	366_S11	
ERR4153684	PRJEB38332	ERP121748	SAMEA6838738	ERS4566348	ERX4119434	1616037	milk metagenome	Cow milk microbiota composition from 16S rRNA-gene sequencing: different dry-cow therapy treatments (two antibiotics, teat sealant, controls)	ena-STUDY-CNR-15-05-2020-13:50:32:549-515	ena-EXPERIMENT-CNR-15-05-2020-19:10:00:939-12	ftp.sra.ebi.ac.uk/vol1/fastq/ERR415/004/ERR4153684/ERR4153684_1.fastq.gz;ftp.sra.ebi.ac.uk/vol1/fastq/ERR415/004/ERR4153684/ERR4153684_2.fastq.gz	ftp.sra.ebi.ac.uk/vol1/run/ERR415/ERR4153684/366_S12_L001_R1_001.fastq.gz;ftp.sra.ebi.ac.uk/vol1/run/ERR415/ERR4153684/366_S12_L001_R2_001.fastq.gz	366_S12	366_S12	
ERR4153686	PRJEB38332	ERP121748	SAMEA6838740	ERS4566350	ERX4119436	1616037	milk metagenome	Cow milk microbiota composition from 16S rRNA-gene sequencing: different dry-cow therapy treatments (two antibiotics, teat sealant, controls)	ena-STUDY-CNR-15-05-2020-13:50:32:549-515	ena-EXPERIMENT-CNR-15-05-2020-19:10:00:939-14	ftp.sra.ebi.ac.uk/vol1/fastq/ERR415/006/ERR4153686/ERR4153686_1.fastq.gz;ftp.sra.ebi.ac.uk/vol1/fastq/ERR415/006/ERR4153686/ERR4153686_2.fastq.gz	ftp.sra.ebi.ac.uk/vol1/run/ERR415/ERR4153686/321_S14_L001_R1_001.fastq.gz;ftp.sra.ebi.ac.uk/vol1/run/ERR415/ERR4153686/321_S14_L001_R2_001.fastq.gz	321_S14	321_S14	
ERR4153687	PRJEB38332	ERP121748	SAMEA6838741	ERS4566351	ERX4119437	1616037	milk metagenome	Cow milk microbiota composition from 16S rRNA-gene sequencing: different dry-cow therapy treatments (two antibiotics, teat sealant, controls)	ena-STUDY-CNR-15-05-2020-13:50:32:549-515	ena-EXPERIMENT-CNR-15-05-2020-19:10:00:939-15	ftp.sra.ebi.ac.uk/vol1/fastq/ERR415/007/ERR4153687/ERR4153687_1.fastq.gz;ftp.sra.ebi.ac.uk/vol1/fastq/ERR415/007/ERR4153687/ERR4153687_2.fastq.gz	ftp.sra.ebi.ac.uk/vol1/run/ERR415/ERR4153687/321_S15_L001_R1_001.fastq.gz;ftp.sra.ebi.ac.uk/vol1/run/ERR415/ERR4153687/321_S15_L001_R2_001.fastq.gz	321_S15	321_S15	
ERR4153688	PRJEB38332	ERP121748	SAMEA6838742	ERS4566352	ERX4119438	1616037	milk metagenome	Cow milk microbiota composition from 16S rRNA-gene sequencing: different dry-cow therapy treatments (two antibiotics, teat sealant, controls)	ena-STUDY-CNR-15-05-2020-13:50:32:549-515	ena-EXPERIMENT-CNR-15-05-2020-19:10:00:939-16	ftp.sra.ebi.ac.uk/vol1/fastq/ERR415/008/ERR4153688/ERR4153688_1.fastq.gz;ftp.sra.ebi.ac.uk/vol1/fastq/ERR415/008/ERR4153688/ERR4153688_2.fastq.gz	ftp.sra.ebi.ac.uk/vol1/run/ERR415/ERR4153688/321_S16_L001_R1_001.fastq.gz;ftp.sra.ebi.ac.uk/vol1/run/ERR415/ERR4153688/321_S16_L001_R2_001.fastq.gz	321_S16	321_S16	
ERR4153695	PRJEB38332	ERP121748	SAMEA6838749	ERS4566359	ERX4119445	1616037	milk metagenome	Cow milk microbiota composition from 16S rRNA-gene sequencing: different dry-cow therapy treatments (two antibiotics, teat sealant, controls)	ena-STUDY-CNR-15-05-2020-13:50:32:549-515	ena-EXPERIMENT-CNR-15-05-2020-19:10:00:940-23	ftp.sra.ebi.ac.uk/vol1/fastq/ERR415/005/ERR4153695/ERR4153695_1.fastq.gz;ftp.sra.ebi.ac.uk/vol1/fastq/ERR415/005/ERR4153695/ERR4153695_2.fastq.gz	ftp.sra.ebi.ac.uk/vol1/run/ERR415/ERR4153695/270_S23_L001_R1_001.fastq.gz;ftp.sra.ebi.ac.uk/vol1/run/ERR415/ERR4153695/270_S23_L001_R2_001.fastq.gz	270_S23	270_S23	
ERR4153696	PRJEB38332	ERP121748	SAMEA6838750	ERS4566360	ERX4119446	1616037	milk metagenome	Cow milk microbiota composition from 16S rRNA-gene sequencing: different dry-cow therapy treatments (two antibiotics, teat sealant, controls)	ena-STUDY-CNR-15-05-2020-13:50:32:549-515	ena-EXPERIMENT-CNR-15-05-2020-19:10:00:940-24	ftp.sra.ebi.ac.uk/vol1/fastq/ERR415/006/ERR4153696/ERR4153696_1.fastq.gz;ftp.sra.ebi.ac.uk/vol1/fastq/ERR415/006/ERR4153696/ERR4153696_2.fastq.gz	ftp.sra.ebi.ac.uk/vol1/run/ERR415/ERR4153696/270_S24_L001_R1_001.fastq.gz;ftp.sra.ebi.ac.uk/vol1/run/ERR415/ERR4153696/270_S24_L001_R2_001.fastq.gz	270_S24	270_S24	
ERR4153700	PRJEB38332	ERP121748	SAMEA6838754	ERS4566364	ERX4119450	1616037	milk metagenome	Cow milk microbiota composition from 16S rRNA-gene sequencing: different dry-cow therapy treatments (two antibiotics, teat sealant, controls)	ena-STUDY-CNR-15-05-2020-13:50:32:549-515	ena-EXPERIMENT-CNR-15-05-2020-19:10:00:940-28	ftp.sra.ebi.ac.uk/vol1/fastq/ERR415/000/ERR4153700/ERR4153700_1.fastq.gz;ftp.sra.ebi.ac.uk/vol1/fastq/ERR415/000/ERR4153700/ERR4153700_2.fastq.gz	ftp.sra.ebi.ac.uk/vol1/run/ERR415/ERR4153700/355_S28_L001_R1_001.fastq.gz;ftp.sra.ebi.ac.uk/vol1/run/ERR415/ERR4153700/355_S28_L001_R2_001.fastq.gz	355_S28	355_S28	
ERR4153706	PRJEB38332	ERP121748	SAMEA6838760	ERS4566370	ERX4119456	1616037	milk metagenome	Cow milk microbiota composition from 16S rRNA-gene sequencing: different dry-cow therapy treatments (two antibiotics, teat sealant, controls)	ena-STUDY-CNR-15-05-2020-13:50:32:549-515	ena-EXPERIMENT-CNR-15-05-2020-19:10:00:940-34	ftp.sra.ebi.ac.uk/vol1/fastq/ERR415/006/ERR4153706/ERR4153706_1.fastq.gz;ftp.sra.ebi.ac.uk/vol1/fastq/ERR415/006/ERR4153706/ERR4153706_2.fastq.gz	ftp.sra.ebi.ac.uk/vol1/run/ERR415/ERR4153706/321_S34_L001_R1_001.fastq.gz;ftp.sra.ebi.ac.uk/vol1/run/ERR415/ERR4153706/321_S34_L001_R2_001.fastq.gz	321_S34	321_S34	
ERR4153709	PRJEB38332	ERP121748	SAMEA6838763	ERS4566373	ERX4119459	1616037	milk metagenome	Cow milk microbiota composition from 16S rRNA-gene sequencing: different dry-cow therapy treatments (two antibiotics, teat sealant, controls)	ena-STUDY-CNR-15-05-2020-13:50:32:549-515	ena-EXPERIMENT-CNR-15-05-2020-19:10:00:940-37	ftp.sra.ebi.ac.uk/vol1/fastq/ERR415/009/ERR4153709/ERR4153709_1.fastq.gz;ftp.sra.ebi.ac.uk/vol1/fastq/ERR415/009/ERR4153709/ERR4153709_2.fastq.gz	ftp.sra.ebi.ac.uk/vol1/run/ERR415/ERR4153709/365_S37_L001_R1_001.fastq.gz;ftp.sra.ebi.ac.uk/vol1/run/ERR415/ERR4153709/365_S37_L001_R2_001.fastq.gz	365_S37	365_S37	
ERR4153715	PRJEB38332	ERP121748	SAMEA6838769	ERS4566379	ERX4119465	1616037	milk metagenome	Cow milk microbiota composition from 16S rRNA-gene sequencing: different dry-cow therapy treatments (two antibiotics, teat sealant, controls)	ena-STUDY-CNR-15-05-2020-13:50:32:549-515	ena-EXPERIMENT-CNR-15-05-2020-19:10:00:941-43	ftp.sra.ebi.ac.uk/vol1/fastq/ERR415/005/ERR4153715/ERR4153715_1.fastq.gz;ftp.sra.ebi.ac.uk/vol1/fastq/ERR415/005/ERR4153715/ERR4153715_2.fastq.gz	ftp.sra.ebi.ac.uk/vol1/run/ERR415/ERR4153715/270_S43_L001_R1_001.fastq.gz;ftp.sra.ebi.ac.uk/vol1/run/ERR415/ERR4153715/270_S43_L001_R2_001.fastq.gz	270_S43	270_S43	
ERR4153719	PRJEB38332	ERP121748	SAMEA6838773	ERS4566383	ERX4119469	1616037	milk metagenome	Cow milk microbiota composition from 16S rRNA-gene sequencing: different dry-cow therapy treatments (two antibiotics, teat sealant, controls)	ena-STUDY-CNR-15-05-2020-13:50:32:549-515	ena-EXPERIMENT-CNR-15-05-2020-19:10:00:941-47	ftp.sra.ebi.ac.uk/vol1/fastq/ERR415/009/ERR4153719/ERR4153719_1.fastq.gz;ftp.sra.ebi.ac.uk/vol1/fastq/ERR415/009/ERR4153719/ERR4153719_2.fastq.gz	ftp.sra.ebi.ac.uk/vol1/run/ERR415/ERR4153719/355_S47_L001_R1_001.fastq.gz;ftp.sra.ebi.ac.uk/vol1/run/ERR415/ERR4153719/355_S47_L001_R2_001.fastq.gz	355_S47	355_S47	
ERR4153724	PRJEB38332	ERP121748	SAMEA6838778	ERS4566388	ERX4119474	1616037	milk metagenome	Cow milk microbiota composition from 16S rRNA-gene sequencing: different dry-cow therapy treatments (two antibiotics, teat sealant, controls)	ena-STUDY-CNR-15-05-2020-13:50:32:549-515	ena-EXPERIMENT-CNR-15-05-2020-19:10:00:941-52	ftp.sra.ebi.ac.uk/vol1/fastq/ERR415/004/ERR4153724/ERR4153724_1.fastq.gz;ftp.sra.ebi.ac.uk/vol1/fastq/ERR415/004/ERR4153724/ERR4153724_2.fastq.gz	ftp.sra.ebi.ac.uk/vol1/run/ERR415/ERR4153724/366_S52_L001_R1_001.fastq.gz;ftp.sra.ebi.ac.uk/vol1/run/ERR415/ERR4153724/366_S52_L001_R2_001.fastq.gz	366_S52	366_S52	
ERR4153676	PRJEB38332	ERP121748	SAMEA6838730	ERS4566340	ERX4119426	1616037	milk metagenome	Cow milk microbiota composition from 16S rRNA-gene sequencing: different dry-cow therapy treatments (two antibiotics, teat sealant, controls)	ena-STUDY-CNR-15-05-2020-13:50:32:549-515	ena-EXPERIMENT-CNR-15-05-2020-19:10:00:939-4	ftp.sra.ebi.ac.uk/vol1/fastq/ERR415/006/ERR4153676/ERR4153676_1.fastq.gz;ftp.sra.ebi.ac.uk/vol1/fastq/ERR415/006/ERR4153676/ERR4153676_2.fastq.gz	ftp.sra.ebi.ac.uk/vol1/run/ERR415/ERR4153676/270PS_S4_L001_R1_001.fastq.gz;ftp.sra.ebi.ac.uk/vol1/run/ERR415/ERR4153676/270PS_S4_L001_R2_001.fastq.gz	270PS_S4	270PS_S4	
ERR4153678	PRJEB38332	ERP121748	SAMEA6838732	ERS4566342	ERX4119428	1616037	milk metagenome	Cow milk microbiota composition from 16S rRNA-gene sequencing: different dry-cow therapy treatments (two antibiotics, teat sealant, controls)	ena-STUDY-CNR-15-05-2020-13:50:32:549-515	ena-EXPERIMENT-CNR-15-05-2020-19:10:00:939-6	ftp.sra.ebi.ac.uk/vol1/fastq/ERR415/008/ERR4153678/ERR4153678_1.fastq.gz;ftp.sra.ebi.ac.uk/vol1/fastq/ERR415/008/ERR4153678/ERR4153678_2.fastq.gz	ftp.sra.ebi.ac.uk/vol1/run/ERR415/ERR4153678/355_S6_L001_R1_001.fastq.gz;ftp.sra.ebi.ac.uk/vol1/run/ERR415/ERR4153678/355_S6_L001_R2_001.fastq.gz	355_S6	355_S6	
ERR4153679	PRJEB38332	ERP121748	SAMEA6838733	ERS4566343	ERX4119429	1616037	milk metagenome	Cow milk microbiota composition from 16S rRNA-gene sequencing: different dry-cow therapy treatments (two antibiotics, teat sealant, controls)	ena-STUDY-CNR-15-05-2020-13:50:32:549-515	ena-EXPERIMENT-CNR-15-05-2020-19:10:00:939-7	ftp.sra.ebi.ac.uk/vol1/fastq/ERR415/009/ERR4153679/ERR4153679_1.fastq.gz;ftp.sra.ebi.ac.uk/vol1/fastq/ERR415/009/ERR4153679/ERR4153679_2.fastq.gz	ftp.sra.ebi.ac.uk/vol1/run/ERR415/ERR4153679/355_S7_L001_R1_001.fastq.gz;ftp.sra.ebi.ac.uk/vol1/run/ERR415/ERR4153679/355_S7_L001_R2_001.fastq.gz	355_S7	355_S7	
ERR4153689	PRJEB38332	ERP121748	SAMEA6838743	ERS4566353	ERX4119439	1616037	milk metagenome	Cow milk microbiota composition from 16S rRNA-gene sequencing: different dry-cow therapy treatments (two antibiotics, teat sealant, controls)	ena-STUDY-CNR-15-05-2020-13:50:32:549-515	ena-EXPERIMENT-CNR-15-05-2020-19:10:00:940-17	ftp.sra.ebi.ac.uk/vol1/fastq/ERR415/009/ERR4153689/ERR4153689_1.fastq.gz;ftp.sra.ebi.ac.uk/vol1/fastq/ERR415/009/ERR4153689/ERR4153689_2.fastq.gz	ftp.sra.ebi.ac.uk/vol1/run/ERR415/ERR4153689/365_S17_L001_R1_001.fastq.gz;ftp.sra.ebi.ac.uk/vol1/run/ERR415/ERR4153689/365_S17_L001_R2_001.fastq.gz	365_S17	365_S17	
ERR4153690	PRJEB38332	ERP121748	SAMEA6838744	ERS4566354	ERX4119440	1616037	milk metagenome	Cow milk microbiota composition from 16S rRNA-gene sequencing: different dry-cow therapy treatments (two antibiotics, teat sealant, controls)	ena-STUDY-CNR-15-05-2020-13:50:32:549-515	ena-EXPERIMENT-CNR-15-05-2020-19:10:00:940-18	ftp.sra.ebi.ac.uk/vol1/fastq/ERR415/000/ERR4153690/ERR4153690_1.fastq.gz;ftp.sra.ebi.ac.uk/vol1/fastq/ERR415/000/ERR4153690/ERR4153690_2.fastq.gz	ftp.sra.ebi.ac.uk/vol1/run/ERR415/ERR4153690/365_S18_L001_R1_001.fastq.gz;ftp.sra.ebi.ac.uk/vol1/run/ERR415/ERR4153690/365_S18_L001_R2_001.fastq.gz	365_S18	365_S18	
ERR4153693	PRJEB38332	ERP121748	SAMEA6838747	ERS4566357	ERX4119443	1616037	milk metagenome	Cow milk microbiota composition from 16S rRNA-gene sequencing: different dry-cow therapy treatments (two antibiotics, teat sealant, controls)	ena-STUDY-CNR-15-05-2020-13:50:32:549-515	ena-EXPERIMENT-CNR-15-05-2020-19:10:00:940-21	ftp.sra.ebi.ac.uk/vol1/fastq/ERR415/003/ERR4153693/ERR4153693_1.fastq.gz;ftp.sra.ebi.ac.uk/vol1/fastq/ERR415/003/ERR4153693/ERR4153693_2.fastq.gz	ftp.sra.ebi.ac.uk/vol1/run/ERR415/ERR4153693/270_S21_L001_R1_001.fastq.gz;ftp.sra.ebi.ac.uk/vol1/run/ERR415/ERR4153693/270_S21_L001_R2_001.fastq.gz	270_S21	270_S21	
ERR4153694	PRJEB38332	ERP121748	SAMEA6838748	ERS4566358	ERX4119444	1616037	milk metagenome	Cow milk microbiota composition from 16S rRNA-gene sequencing: different dry-cow therapy treatments (two antibiotics, teat sealant, controls)	ena-STUDY-CNR-15-05-2020-13:50:32:549-515	ena-EXPERIMENT-CNR-15-05-2020-19:10:00:940-22	ftp.sra.ebi.ac.uk/vol1/fastq/ERR415/004/ERR4153694/ERR4153694_1.fastq.gz;ftp.sra.ebi.ac.uk/vol1/fastq/ERR415/004/ERR4153694/ERR4153694_2.fastq.gz	ftp.sra.ebi.ac.uk/vol1/run/ERR415/ERR4153694/270_S22_L001_R1_001.fastq.gz;ftp.sra.ebi.ac.uk/vol1/run/ERR415/ERR4153694/270_S22_L001_R2_001.fastq.gz	270_S22	270_S22	
ERR4153697	PRJEB38332	ERP121748	SAMEA6838751	ERS4566361	ERX4119447	1616037	milk metagenome	Cow milk microbiota composition from 16S rRNA-gene sequencing: different dry-cow therapy treatments (two antibiotics, teat sealant, controls)	ena-STUDY-CNR-15-05-2020-13:50:32:549-515	ena-EXPERIMENT-CNR-15-05-2020-19:10:00:940-25	ftp.sra.ebi.ac.uk/vol1/fastq/ERR415/007/ERR4153697/ERR4153697_1.fastq.gz;ftp.sra.ebi.ac.uk/vol1/fastq/ERR415/007/ERR4153697/ERR4153697_2.fastq.gz	ftp.sra.ebi.ac.uk/vol1/run/ERR415/ERR4153697/355_S25_L001_R1_001.fastq.gz;ftp.sra.ebi.ac.uk/vol1/run/ERR415/ERR4153697/355_S25_L001_R2_001.fastq.gz	355_S25	355_S25	
ERR4153698	PRJEB38332	ERP121748	SAMEA6838752	ERS4566362	ERX4119448	1616037	milk metagenome	Cow milk microbiota composition from 16S rRNA-gene sequencing: different dry-cow therapy treatments (two antibiotics, teat sealant, controls)	ena-STUDY-CNR-15-05-2020-13:50:32:549-515	ena-EXPERIMENT-CNR-15-05-2020-19:10:00:940-26	ftp.sra.ebi.ac.uk/vol1/fastq/ERR415/008/ERR4153698/ERR4153698_1.fastq.gz;ftp.sra.ebi.ac.uk/vol1/fastq/ERR415/008/ERR4153698/ERR4153698_2.fastq.gz	ftp.sra.ebi.ac.uk/vol1/run/ERR415/ERR4153698/355_S26_L001_R1_001.fastq.gz;ftp.sra.ebi.ac.uk/vol1/run/ERR415/ERR4153698/355_S26_L001_R2_001.fastq.gz	355_S26	355_S26	
ERR4153701	PRJEB38332	ERP121748	SAMEA6838755	ERS4566365	ERX4119451	1616037	milk metagenome	Cow milk microbiota composition from 16S rRNA-gene sequencing: different dry-cow therapy treatments (two antibiotics, teat sealant, controls)	ena-STUDY-CNR-15-05-2020-13:50:32:549-515	ena-EXPERIMENT-CNR-15-05-2020-19:10:00:940-29	ftp.sra.ebi.ac.uk/vol1/fastq/ERR415/001/ERR4153701/ERR4153701_1.fastq.gz;ftp.sra.ebi.ac.uk/vol1/fastq/ERR415/001/ERR4153701/ERR4153701_2.fastq.gz	ftp.sra.ebi.ac.uk/vol1/run/ERR415/ERR4153701/366_S29_L001_R1_001.fastq.gz;ftp.sra.ebi.ac.uk/vol1/run/ERR415/ERR4153701/366_S29_L001_R2_001.fastq.gz	366_S29	366_S29	
ERR4153707	PRJEB38332	ERP121748	SAMEA6838761	ERS4566371	ERX4119457	1616037	milk metagenome	Cow milk microbiota composition from 16S rRNA-gene sequencing: different dry-cow therapy treatments (two antibiotics, teat sealant, controls)	ena-STUDY-CNR-15-05-2020-13:50:32:549-515	ena-EXPERIMENT-CNR-15-05-2020-19:10:00:940-35	ftp.sra.ebi.ac.uk/vol1/fastq/ERR415/007/ERR4153707/ERR4153707_1.fastq.gz;ftp.sra.ebi.ac.uk/vol1/fastq/ERR415/007/ERR4153707/ERR4153707_2.fastq.gz	ftp.sra.ebi.ac.uk/vol1/run/ERR415/ERR4153707/321_S35_L001_R1_001.fastq.gz;ftp.sra.ebi.ac.uk/vol1/run/ERR415/ERR4153707/321_S35_L001_R2_001.fastq.gz	321_S35	321_S35	
ERR4153708	PRJEB38332	ERP121748	SAMEA6838762	ERS4566372	ERX4119458	1616037	milk metagenome	Cow milk microbiota composition from 16S rRNA-gene sequencing: different dry-cow therapy treatments (two antibiotics, teat sealant, controls)	ena-STUDY-CNR-15-05-2020-13:50:32:549-515	ena-EXPERIMENT-CNR-15-05-2020-19:10:00:940-36	ftp.sra.ebi.ac.uk/vol1/fastq/ERR415/008/ERR4153708/ERR4153708_1.fastq.gz;ftp.sra.ebi.ac.uk/vol1/fastq/ERR415/008/ERR4153708/ERR4153708_2.fastq.gz	ftp.sra.ebi.ac.uk/vol1/run/ERR415/ERR4153708/321_S36_L001_R1_001.fastq.gz;ftp.sra.ebi.ac.uk/vol1/run/ERR415/ERR4153708/321_S36_L001_R2_001.fastq.gz	321_S36	321_S36	
ERR4153710	PRJEB38332	ERP121748	SAMEA6838764	ERS4566374	ERX4119460	1616037	milk metagenome	Cow milk microbiota composition from 16S rRNA-gene sequencing: different dry-cow therapy treatments (two antibiotics, teat sealant, controls)	ena-STUDY-CNR-15-05-2020-13:50:32:549-515	ena-EXPERIMENT-CNR-15-05-2020-19:10:00:940-38	ftp.sra.ebi.ac.uk/vol1/fastq/ERR415/000/ERR4153710/ERR4153710_1.fastq.gz;ftp.sra.ebi.ac.uk/vol1/fastq/ERR415/000/ERR4153710/ERR4153710_2.fastq.gz	ftp.sra.ebi.ac.uk/vol1/run/ERR415/ERR4153710/365_S38_L001_R1_001.fastq.gz;ftp.sra.ebi.ac.uk/vol1/run/ERR415/ERR4153710/365_S38_L001_R2_001.fastq.gz	365_S38	365_S38	
ERR4153711	PRJEB38332	ERP121748	SAMEA6838765	ERS4566375	ERX4119461	1616037	milk metagenome	Cow milk microbiota composition from 16S rRNA-gene sequencing: different dry-cow therapy treatments (two antibiotics, teat sealant, controls)	ena-STUDY-CNR-15-05-2020-13:50:32:549-515	ena-EXPERIMENT-CNR-15-05-2020-19:10:00:940-39	ftp.sra.ebi.ac.uk/vol1/fastq/ERR415/001/ERR4153711/ERR4153711_1.fastq.gz;ftp.sra.ebi.ac.uk/vol1/fastq/ERR415/001/ERR4153711/ERR4153711_2.fastq.gz	ftp.sra.ebi.ac.uk/vol1/run/ERR415/ERR4153711/365_S39_L001_R1_001.fastq.gz;ftp.sra.ebi.ac.uk/vol1/run/ERR415/ERR4153711/365_S39_L001_R2_001.fastq.gz	365_S39	365_S39	
ERR4153716	PRJEB38332	ERP121748	SAMEA6838770	ERS4566380	ERX4119466	1616037	milk metagenome	Cow milk microbiota composition from 16S rRNA-gene sequencing: different dry-cow therapy treatments (two antibiotics, teat sealant, controls)	ena-STUDY-CNR-15-05-2020-13:50:32:549-515	ena-EXPERIMENT-CNR-15-05-2020-19:10:00:941-44	ftp.sra.ebi.ac.uk/vol1/fastq/ERR415/006/ERR4153716/ERR4153716_1.fastq.gz;ftp.sra.ebi.ac.uk/vol1/fastq/ERR415/006/ERR4153716/ERR4153716_2.fastq.gz	ftp.sra.ebi.ac.uk/vol1/run/ERR415/ERR4153716/270_S44_L001_R1_001.fastq.gz;ftp.sra.ebi.ac.uk/vol1/run/ERR415/ERR4153716/270_S44_L001_R2_001.fastq.gz	270_S44	270_S44	
ERR4153718	PRJEB38332	ERP121748	SAMEA6838772	ERS4566382	ERX4119468	1616037	milk metagenome	Cow milk microbiota composition from 16S rRNA-gene sequencing: different dry-cow therapy treatments (two antibiotics, teat sealant, controls)	ena-STUDY-CNR-15-05-2020-13:50:32:549-515	ena-EXPERIMENT-CNR-15-05-2020-19:10:00:941-46	ftp.sra.ebi.ac.uk/vol1/fastq/ERR415/008/ERR4153718/ERR4153718_1.fastq.gz;ftp.sra.ebi.ac.uk/vol1/fastq/ERR415/008/ERR4153718/ERR4153718_2.fastq.gz	ftp.sra.ebi.ac.uk/vol1/run/ERR415/ERR4153718/355_S46_L001_R1_001.fastq.gz;ftp.sra.ebi.ac.uk/vol1/run/ERR415/ERR4153718/355_S46_L001_R2_001.fastq.gz	355_S46	355_S46	
ERR4153721	PRJEB38332	ERP121748	SAMEA6838775	ERS4566385	ERX4119471	1616037	milk metagenome	Cow milk microbiota composition from 16S rRNA-gene sequencing: different dry-cow therapy treatments (two antibiotics, teat sealant, controls)	ena-STUDY-CNR-15-05-2020-13:50:32:549-515	ena-EXPERIMENT-CNR-15-05-2020-19:10:00:941-49	ftp.sra.ebi.ac.uk/vol1/fastq/ERR415/001/ERR4153721/ERR4153721_1.fastq.gz;ftp.sra.ebi.ac.uk/vol1/fastq/ERR415/001/ERR4153721/ERR4153721_2.fastq.gz	ftp.sra.ebi.ac.uk/vol1/run/ERR415/ERR4153721/366_S49_L001_R1_001.fastq.gz;ftp.sra.ebi.ac.uk/vol1/run/ERR415/ERR4153721/366_S49_L001_R2_001.fastq.gz	366_S49	366_S49	
ERR4153723	PRJEB38332	ERP121748	SAMEA6838777	ERS4566387	ERX4119473	1616037	milk metagenome	Cow milk microbiota composition from 16S rRNA-gene sequencing: different dry-cow therapy treatments (two antibiotics, teat sealant, controls)	ena-STUDY-CNR-15-05-2020-13:50:32:549-515	ena-EXPERIMENT-CNR-15-05-2020-19:10:00:941-51	ftp.sra.ebi.ac.uk/vol1/fastq/ERR415/003/ERR4153723/ERR4153723_1.fastq.gz;ftp.sra.ebi.ac.uk/vol1/fastq/ERR415/003/ERR4153723/ERR4153723_2.fastq.gz	ftp.sra.ebi.ac.uk/vol1/run/ERR415/ERR4153723/366_S51_L001_R1_001.fastq.gz;ftp.sra.ebi.ac.uk/vol1/run/ERR415/ERR4153723/366_S51_L001_R2_001.fastq.gz	366_S51	366_S51	
ERR4153725	PRJEB38332	ERP121748	SAMEA6838779	ERS4566389	ERX4119475	1616037	milk metagenome	Cow milk microbiota composition from 16S rRNA-gene sequencing: different dry-cow therapy treatments (two antibiotics, teat sealant, controls)	ena-STUDY-CNR-15-05-2020-13:50:32:549-515	ena-EXPERIMENT-CNR-15-05-2020-19:10:00:941-53	ftp.sra.ebi.ac.uk/vol1/fastq/ERR415/005/ERR4153725/ERR4153725_1.fastq.gz;ftp.sra.ebi.ac.uk/vol1/fastq/ERR415/005/ERR4153725/ERR4153725_2.fastq.gz	ftp.sra.ebi.ac.uk/vol1/run/ERR415/ERR4153725/321_S53_L001_R1_001.fastq.gz;ftp.sra.ebi.ac.uk/vol1/run/ERR415/ERR4153725/321_S53_L001_R2_001.fastq.gz	321_S53	321_S53	
ERR4153726	PRJEB38332	ERP121748	SAMEA6838780	ERS4566390	ERX4119476	1616037	milk metagenome	Cow milk microbiota composition from 16S rRNA-gene sequencing: different dry-cow therapy treatments (two antibiotics, teat sealant, controls)	ena-STUDY-CNR-15-05-2020-13:50:32:549-515	ena-EXPERIMENT-CNR-15-05-2020-19:10:00:941-54	ftp.sra.ebi.ac.uk/vol1/fastq/ERR415/006/ERR4153726/ERR4153726_1.fastq.gz;ftp.sra.ebi.ac.uk/vol1/fastq/ERR415/006/ERR4153726/ERR4153726_2.fastq.gz	ftp.sra.ebi.ac.uk/vol1/run/ERR415/ERR4153726/321_S54_L001_R1_001.fastq.gz;ftp.sra.ebi.ac.uk/vol1/run/ERR415/ERR4153726/321_S54_L001_R2_001.fastq.gz	321_S54	321_S54	
ERR4153729	PRJEB38332	ERP121748	SAMEA6838783	ERS4566393	ERX4119479	1616037	milk metagenome	Cow milk microbiota composition from 16S rRNA-gene sequencing: different dry-cow therapy treatments (two antibiotics, teat sealant, controls)	ena-STUDY-CNR-15-05-2020-13:50:32:549-515	ena-EXPERIMENT-CNR-15-05-2020-19:10:00:941-57	ftp.sra.ebi.ac.uk/vol1/fastq/ERR415/009/ERR4153729/ERR4153729_1.fastq.gz;ftp.sra.ebi.ac.uk/vol1/fastq/ERR415/009/ERR4153729/ERR4153729_2.fastq.gz	ftp.sra.ebi.ac.uk/vol1/run/ERR415/ERR4153729/365_S57_L001_R1_001.fastq.gz;ftp.sra.ebi.ac.uk/vol1/run/ERR415/ERR4153729/365_S57_L001_R2_001.fastq.gz	365_S57	365_S57	
ERR4153732	PRJEB38332	ERP121748	SAMEA6838786	ERS4566396	ERX4119482	1616037	milk metagenome	Cow milk microbiota composition from 16S rRNA-gene sequencing: different dry-cow therapy treatments (two antibiotics, teat sealant, controls)	ena-STUDY-CNR-15-05-2020-13:50:32:549-515	ena-EXPERIMENT-CNR-15-05-2020-19:10:00:941-60	ftp.sra.ebi.ac.uk/vol1/fastq/ERR415/002/ERR4153732/ERR4153732_1.fastq.gz;ftp.sra.ebi.ac.uk/vol1/fastq/ERR415/002/ERR4153732/ERR4153732_2.fastq.gz	ftp.sra.ebi.ac.uk/vol1/run/ERR415/ERR4153732/365_S60_L001_R1_001.fastq.gz;ftp.sra.ebi.ac.uk/vol1/run/ERR415/ERR4153732/365_S60_L001_R2_001.fastq.gz	365_S60	365_S60	
