family,prevalence,retained
[Eubacterium] coprostanoligenes group,0.9387755102040817,TRUE
211ds20,0.02040816326530612,FALSE
37-13,0.02040816326530612,FALSE
67-14,0.04081632653061224,FALSE
A4b,0.02040816326530612,FALSE
Acetobacteraceae,0.16326530612244897,TRUE
Acholeplasmataceae,0.6326530612244898,TRUE
Acidaminococcaceae,0.9183673469387755,TRUE
Acidobacteriaceae (Subgroup 1),0.02040816326530612,FALSE
Actinomycetaceae,0.5102040816326531,TRUE
Aerococcaceae,0.9795918367346939,TRUE
Aeromonadaceae,0.16326530612244897,TRUE
AKAU3644,0.04081632653061224,FALSE
Akkermansiaceae,0.2653061224489796,TRUE
AKYH767,0,FALSE
Alcaligenaceae,0.9795918367346939,TRUE
Alcanivoracaceae1,0.1836734693877551,TRUE
Alkalibacteraceae,0.02040816326530612,FALSE
Alteromonadaceae,0.14285714285714285,TRUE
Amb-16S-1323,0.04081632653061224,FALSE
Anaerofustaceae,0.02040816326530612,FALSE
Anaerovoracaceae,0.8571428571428571,TRUE
Arcobacteraceae,0.20408163265306123,TRUE
Atopobiaceae,0.3877551020408163,TRUE
Azospirillaceae,0.02040816326530612,FALSE
Bacillaceae,0.9591836734693877,TRUE
Bacteriovoracaceae,0.20408163265306123,TRUE
Bacteroidaceae,0.9387755102040817,TRUE
Bacteroidales RF16 group,0.7959183673469388,TRUE
Balneolaceae,0.02040816326530612,FALSE
Barnesiellaceae,0.24489795918367346,TRUE
Beijerinckiaceae,0.5918367346938775,TRUE
Beutenbergiaceae,0.02040816326530612,FALSE
Bifidobacteriaceae,0.7346938775510204,TRUE
BIrii41,0.04081632653061224,FALSE
Blastocatellaceae,0.04081632653061224,FALSE
Bogoriellaceae,0.20408163265306123,TRUE
Bradymonadaceae,0,FALSE
Brevibacillaceae,0.04081632653061224,FALSE
Brevibacteriaceae,0.5714285714285714,TRUE
Bryobacteraceae,0.061224489795918366,FALSE
Burkholderiaceae,0.061224489795918366,FALSE
Butyricicoccaceae,0.7755102040816326,TRUE
Caedibacteraceae,0.061224489795918366,FALSE
Caldalkalibacillaceae,0.12244897959183673,TRUE
Caldicoprobacteraceae,0,FALSE
Caldilineaceae,0,FALSE
Caloramatoraceae,0,FALSE
Campylobacteraceae,0.46938775510204084,TRUE
Cardiobacteriaceae,0.04081632653061224,FALSE
Carnobacteriaceae,1,TRUE
Caulobacteraceae,0.6530612244897959,TRUE
Cellulomonadaceae,0.30612244897959184,TRUE
Cellvibrionaceae,0.7551020408163265,TRUE
Chitinophagaceae,0.673469387755102,TRUE
Chloroflexaceae,0,FALSE
Christensenellaceae,0.9591836734693877,TRUE
Chromatiaceae,0.02040816326530612,FALSE
Chroococcidiopsaceae,0.02040816326530612,FALSE
Chthoniobacteraceae,0.02040816326530612,FALSE
Clostridiaceae,0.9183673469387755,TRUE
Comamonadaceae,0.9591836734693877,TRUE
Coriobacteriaceae,0,FALSE
Coriobacteriales Incertae Sedis,0.02040816326530612,FALSE
Corynebacteriaceae,1,TRUE
Coxiellaceae,0.061224489795918366,FALSE
CR-115,0.02040816326530612,FALSE
Crocinitomicaceae,0.42857142857142855,TRUE
Cryomorphaceae,0,FALSE
Cyclobacteriaceae,0.14285714285714285,TRUE
Defluviicoccaceae,0,FALSE
Defluviitaleaceae,0.3673469387755102,TRUE
Deinococcaceae,0.20408163265306123,TRUE
Demequinaceae,0.3469387755102041,TRUE
Dermabacteraceae,0.5102040816326531,TRUE
Dermacoccaceae,0,FALSE
Dermatophilaceae,0.1836734693877551,TRUE
Desulfovibrionaceae,0.673469387755102,TRUE
DEV007,0,FALSE
Devosiaceae,0.5102040816326531,TRUE
Dietziaceae,0.8367346938775511,TRUE
Dysgonomonadaceae,0.4489795918367347,TRUE
Eggerthellaceae,0.42857142857142855,TRUE
Elsteraceae,0,FALSE
Elusimicrobiaceae,0.04081632653061224,FALSE
Enterobacteriaceae,0.5510204081632653,TRUE
Enterococcaceae,0.5306122448979592,TRUE
env.OPS 17,0,FALSE
Erwiniaceae,0.12244897959183673,TRUE
Erysipelatoclostridiaceae,0.5918367346938775,TRUE
Erysipelotrichaceae,0.9183673469387755,TRUE
Ethanoligenenaceae,0.04081632653061224,FALSE
Eubacteriaceae,0.02040816326530612,FALSE
Euzebyaceae,0,FALSE
Exiguobacteraceae,0.10204081632653061,TRUE
F082,0.32653061224489793,TRUE
Family XI,0.8367346938775511,TRUE
Fibrobacteraceae,0.16326530612244897,TRUE
Fimbriimonadaceae,0,FALSE
Flavobacteriaceae,0.9183673469387755,TRUE
Fodinicurvataceae,0.02040816326530612,FALSE
Frankiaceae,0.02040816326530612,FALSE
Fusibacteraceae,0.08163265306122448,FALSE
Fusobacteriaceae,0.5510204081632653,TRUE
Gaiellaceae,0,FALSE
Garciellaceae,0.061224489795918366,FALSE
Gastranaerophilaceae,0.5918367346938775,TRUE
Gemellaceae,0.12244897959183673,TRUE
Geminicoccaceae,0.061224489795918366,FALSE
Gemmataceae,0.02040816326530612,FALSE
Gemmatimonadaceae,0,FALSE
Geobacteraceae,0,FALSE
Geodermatophilaceae,0.16326530612244897,TRUE
gir-aah93h0,0.2857142857142857,TRUE
Gottschalkiaceae,0,FALSE
Halanaerobiaceae,0,FALSE
Haliangiaceae,0,FALSE
Halieaceae,0.04081632653061224,FALSE
Halomonadaceae,0.24489795918367346,TRUE
HAW-RM37-2,0.02040816326530612,FALSE
Holosporaceae,0,FALSE
Hydrogenophilaceae,0.02040816326530612,FALSE
Hymenobacteraceae,0.32653061224489793,TRUE
Hyphomicrobiaceae,0.08163265306122448,FALSE
Hyphomicrobiales Incertae Sedis,0.04081632653061224,FALSE
Iamiaceae,0.02040816326530612,FALSE
Idiomarinaceae,0.3469387755102041,TRUE
Ilumatobacteraceae,0.08163265306122448,FALSE
Incertae Sedis,0.2653061224489796,TRUE
Intrasporangiaceae,0.46938775510204084,TRUE
Isosphaeraceae,0.02040816326530612,FALSE
JG30-KF-CM45,0.42857142857142855,TRUE
Jonesiaceae,0.02040816326530612,FALSE
Kaistiaceae,0.02040816326530612,FALSE
Kineosporiaceae,0.10204081632653061,TRUE
Labraceae,0,FALSE
Lachnospiraceae,1,TRUE
Lactobacillaceae,0.7959183673469388,TRUE
Legionellaceae,0.10204081632653061,TRUE
Lentimicrobiaceae,0.08163265306122448,FALSE
Leptolyngbyaceae,0.02040816326530612,FALSE
Leptotrichiaceae,0.20408163265306123,TRUE
Limnochordaceae,0.02040816326530612,FALSE
Listeriaceae,0.061224489795918366,FALSE
LWQ8,0.04081632653061224,FALSE
Lysobacteraceae,1,TRUE
M2PB4-65 termite group,0,FALSE
Marinifilaceae,0.20408163265306123,TRUE
Marinilabiliaceae,0.40816326530612246,TRUE
Marinobacteraceae,0.04081632653061224,FALSE
Marinococcaceae,0.02040816326530612,FALSE
Methyloligellaceae,0.061224489795918366,FALSE
Methylophagaceae,0.08163265306122448,FALSE
Methylophilaceae,0.24489795918367346,TRUE
Methylopilaceae,0,FALSE
Microbacteriaceae,0.8979591836734694,TRUE
Micrococcaceae,0.9591836734693877,TRUE
Micrococcales Incertae Sedis,0.40816326530612246,TRUE
Micromonosporaceae,0.08163265306122448,FALSE
Micropepsaceae,0,FALSE
Microscillaceae,0.02040816326530612,FALSE
Microtrichaceae,0.02040816326530612,FALSE
ML635J-40 aquatic group,0.02040816326530612,FALSE
Monoglobaceae,0.9183673469387755,TRUE
Moraxellaceae,1,TRUE
Morganellaceae,0.02040816326530612,FALSE
Muribaculaceae,0.7755102040816326,TRUE
MWH-CFBk5,0,FALSE
Mycobacteriaceae,0.2857142857142857,TRUE
Mycoplasmataceae,0.12244897959183673,TRUE
Myxococcaceae,0.04081632653061224,FALSE
Nakamurellaceae,0.08163265306122448,FALSE
Nannocystaceae,0.02040816326530612,FALSE
Neisseriaceae,0.40816326530612246,TRUE
Nevskiaceae,0.02040816326530612,FALSE
Nitrosomonadaceae,0.02040816326530612,FALSE
Nocardiaceae,0.3469387755102041,TRUE
Nocardioidaceae,0.7346938775510204,TRUE
Nocardiopsidaceae,0.02040816326530612,FALSE
NS11-12 marine group,0.02040816326530612,FALSE
NS9 marine group,0,FALSE
Obscuribacteraceae,0,FALSE
Oligoflexaceae,0,FALSE
Opitutaceae,0,FALSE
Orbaceae,0,FALSE
Oscillospiraceae,1,TRUE
Oxalobacteraceae,0.42857142857142855,TRUE
p-251-o5,0.40816326530612246,TRUE
p-2534-18B5 gut group,0.4897959183673469,TRUE
P5D1-392,0.02040816326530612,FALSE
Paenibacillaceae,0.5102040816326531,TRUE
Paludibacteraceae,0.5714285714285714,TRUE
Paracaedibacteraceae,0,FALSE
Parachlamydiaceae,0.02040816326530612,FALSE
Paracoccaceae,0.673469387755102,TRUE
Parvularculaceae,0,FALSE
Pasteurellaceae,0.2653061224489796,TRUE
Pedosphaeraceae,0.02040816326530612,FALSE
PeH15,0.04081632653061224,FALSE
Peptococcaceae,0.6122448979591837,TRUE
Peptostreptococcaceae,0.9795918367346939,TRUE
Petrotogaceae,0.02040816326530612,FALSE
Phormidiaceae,0.02040816326530612,FALSE
Pirellulaceae,0.061224489795918366,FALSE
Planococcaceae,1,TRUE
Pleomorphomonadaceae,0.04081632653061224,FALSE
Polyangiaceae,0,FALSE
Porphyromonadaceae,0.4897959183673469,TRUE
Porticoccaceae,0.04081632653061224,FALSE
Prevotellaceae,0.9591836734693877,TRUE
Prolixibacteraceae,0,FALSE
Promicromonosporaceae,0.12244897959183673,TRUE
Propionibacteriaceae,0.9795918367346939,TRUE
Pseudoalteromonadaceae,0.02040816326530612,FALSE
Pseudobdellovibrionaceae,0.12244897959183673,TRUE
Pseudohongiellaceae,0.3877551020408163,TRUE
Pseudomonadaceae,1,TRUE
Pseudonocardiaceae,0.40816326530612246,TRUE
Puniceicoccaceae,0,FALSE
Reyranellaceae,0.061224489795918366,FALSE
Rhizobiaceae,0.7346938775510204,TRUE
Rhodanobacteraceae,0.10204081632653061,TRUE
Rhodocyclaceae,0.14285714285714285,TRUE
Rhodothermaceae,0,FALSE
Rickettsiellaceae,0.04081632653061224,FALSE
Rikenellaceae,0.9591836734693877,TRUE
Rubinisphaeraceae,0,FALSE
Rubritaleaceae,0,FALSE
Rubrobacteriaceae,0.02040816326530612,FALSE
Ruminococcaceae,0.9591836734693877,TRUE
Saccharimonadaceae,0.7959183673469388,TRUE
Saccharospirillaceae,0.30612244897959184,TRUE
Sandaracinaceae,0.04081632653061224,FALSE
Sanguibacteraceae,0.12244897959183673,TRUE
Saprospiraceae,0.14285714285714285,TRUE
Sedimentibacteraceae,0.02040816326530612,FALSE
Selenomonadaceae,0.6530612244897959,TRUE
Shewanellaceae,0.061224489795918366,FALSE
SM2D12,0.02040816326530612,FALSE
Solirubrobacteraceae,0.061224489795918366,FALSE
Sphingobacteriaceae,0.9795918367346939,TRUE
Sphingomonadaceae,0.7551020408163265,TRUE
Spirochaetaceae,0.6938775510204082,TRUE
Spirosomataceae,0.6326530612244898,TRUE
Spongiibacteraceae,0.02040816326530612,FALSE
Sporichthyaceae,0.04081632653061224,FALSE
Staphylococcaceae,1,TRUE
Steroidobacteraceae,0.04081632653061224,FALSE
Streptococcaceae,0.9591836734693877,TRUE
Streptomycetaceae,0.14285714285714285,TRUE
Streptosporangiaceae,0.061224489795918366,FALSE
Succinivibrionaceae,0.7959183673469388,TRUE
Sutterellaceae,0.6326530612244898,TRUE
Symbiobacteraceae,0.04081632653061224,FALSE
Synergistaceae,0.10204081632653061,TRUE
Tannerellaceae,0.3469387755102041,TRUE
Thermaceae,0.061224489795918366,FALSE
Thermacetogeniaceae,0,FALSE
Thermoactinomycetaceae,0.40816326530612246,TRUE
Thermomonosporaceae,0.20408163265306123,TRUE
Thermotaleaceae,0.02040816326530612,FALSE
Trueperaceae,0.10204081632653061,TRUE
UCG-010,0.9387755102040817,TRUE
UCG-011,0.20408163265306123,TRUE
Unclassified_0319-7L14,0.02040816326530612,FALSE
Unclassified_Absconditabacteriales (SR1),0.2857142857142857,TRUE
Unclassified_Actinobacteria,0.04081632653061224,FALSE
Unclassified_Actinomycetales,0.04081632653061224,FALSE
Unclassified_Actinomycetota,0.061224489795918366,FALSE
Unclassified_Alphaproteobacteria,0.14285714285714285,TRUE
Unclassified_Bacillales,0.061224489795918366,FALSE
Unclassified_Bacilli,0.5510204081632653,TRUE
Unclassified_Bacillota,0.22448979591836735,TRUE
Unclassified_Bacteria,0.7551020408163265,TRUE
Unclassified_Bacteroidales,0.7346938775510204,TRUE
Unclassified_Bacteroidetes VC2.1 Bac22,0.10204081632653061,TRUE
Unclassified_Bacteroidia,0.32653061224489793,TRUE
Unclassified_Bdellovibrionota,0.02040816326530612,FALSE
Unclassified_Berkelbacteria,0.02040816326530612,FALSE
Unclassified_Bradymonadales,0.32653061224489793,TRUE
Unclassified_Burkholderiales,0.04081632653061224,FALSE
Unclassified_C0119,0,FALSE
Unclassified_Candidatus Campbellbacteria,0,FALSE
Unclassified_Candidatus Jorgensenbacteria,0,FALSE
Unclassified_Candidatus Nomurabacteria,0,FALSE
Unclassified_Candidatus Peregrinibacteria,0.02040816326530612,FALSE
Unclassified_CCD24,0,FALSE
Unclassified_Chitinophagales,0.04081632653061224,FALSE
Unclassified_Clostridia,0.5510204081632653,TRUE
Unclassified_Clostridia UCG-014,0.8163265306122449,TRUE
Unclassified_Clostridia vadinBB60 group,0.7755102040816326,TRUE
Unclassified_Coriobacteriales,0.12244897959183673,TRUE
Unclassified_Cyanobacteriia,0.02040816326530612,FALSE
Unclassified_Dojkabacteria,0,FALSE
Unclassified_DTU014,0.02040816326530612,FALSE
Unclassified_Enterobacterales,0.04081632653061224,FALSE
Unclassified_Eremiobacteria,0.04081632653061224,FALSE
Unclassified_Erysipelotrichales,0.04081632653061224,FALSE
Unclassified_Frankiales,0,FALSE
Unclassified_Gaiellales,0.061224489795918366,FALSE
Unclassified_Gammaproteobacteria,0.16326530612244897,TRUE
Unclassified_Gitt-GS-136,0.02040816326530612,FALSE
Unclassified_Hyphomicrobiales,0.02040816326530612,FALSE
Unclassified_Izemoplasmatales,0.2653061224489796,TRUE
Unclassified_JG30-KF-CM66,0,FALSE
Unclassified_KD4-96,0.04081632653061224,FALSE
Unclassified_Lactobacillales,0.08163265306122448,FALSE
Unclassified_Latescibacterota,0.02040816326530612,FALSE
Unclassified_Limnochordia,0,FALSE
Unclassified_Lineage IV,0.02040816326530612,FALSE
Unclassified_Lysobacterales,0.04081632653061224,FALSE
Unclassified_MB-A2-108,0,FALSE
Unclassified_MBA03,0,FALSE
Unclassified_Micavibrionales,0,FALSE
Unclassified_Micrococcales,0.08163265306122448,FALSE
Unclassified_Microgenomatia,0.02040816326530612,FALSE
Unclassified_Microtrichales,0.16326530612244897,TRUE
Unclassified_Mycobacteriales,0,FALSE
Unclassified_OLB14,0,FALSE
Unclassified_Opitutales,0,FALSE
Unclassified_Oscillospirales,0.5714285714285714,TRUE
Unclassified_Patescibacteria,0.04081632653061224,FALSE
Unclassified_PB19,0,FALSE
Unclassified_PeM15,0,FALSE
Unclassified_Peptostreptococcales-Tissierellales,0,FALSE
Unclassified_Planctomycetales,0.02040816326530612,FALSE
Unclassified_PLTA13,0.02040816326530612,FALSE
Unclassified_Pseudomonadales,0.20408163265306123,TRUE
Unclassified_Pseudomonadota,0.4897959183673469,TRUE
Unclassified_R7C24,0,FALSE
Unclassified_RF39,0.3877551020408163,TRUE
Unclassified_Rhodospirillales,0.4489795918367347,TRUE
Unclassified_Rickettsiales,0.08163265306122448,FALSE
Unclassified_S085,0,FALSE
Unclassified_Saccharimonadales,0.12244897959183673,TRUE
Unclassified_Sericytochromatia,0,FALSE
Unclassified_Streptosporangiales,0,FALSE
Unclassified_Subgroup 2,0.08163265306122448,FALSE
Unclassified_Thermoleophilia,0,FALSE
Unclassified_Veillonellales-Selenomonadales,0.20408163265306123,TRUE
Unclassified_Vicinamibacterales,0.061224489795918366,FALSE
Unclassified_WCHB1-41,0.10204081632653061,TRUE
Unknown Family,0.02040816326530612,FALSE
Vagococcaceae,0.061224489795918366,FALSE
Veillonellaceae,0.3469387755102041,TRUE
Verrucomicrobiaceae,0,FALSE
Vibrionaceae,0.061224489795918366,FALSE
Vicinamibacteraceae,0.04081632653061224,FALSE
Victivallaceae,0.08163265306122448,FALSE
Vulgatibacteraceae,0.02040816326530612,FALSE
WD2101 soil group,0,FALSE
Weeksellaceae,0.8775510204081632,TRUE
Wohlfahrtiimonadaceae,0.24489795918367346,TRUE
Xanthobacteraceae,0.14285714285714285,TRUE
Yersiniaceae,0,FALSE
