family,PC1_loading,PC2_loading,PC1_resistance_direction_score,PC2_resistance_direction_score,combined_direction_score
Paracoccaceae,0.12172304644871905,-0.29481359935087703,-0.003485726221183004,-0.01834112369503915,-0.021826849916222153
Porphyromonadaceae,0.2546099820788283,-0.11521759852910335,-0.0072911475402565075,-0.007167987606815122,-0.01445913514707163
Lactobacillaceae,-0.03560494567666587,0.20115016786178394,0.0010196022558574133,0.0125140770919457,0.013533679347803113
Caulobacteraceae,0.11245187484094975,-0.16235408323582468,-0.0032202319954210516,-0.01010047138116895,-0.013320703376590002
Saccharimonadaceae,0.053699794654399696,-0.1796883992639053,-0.0015377760231941168,-0.011178884436536644,-0.01271666045973076
Pseudomonadaceae,-0.04264583266685776,0.1613371458129849,0.0012212288591846457,0.01003720504914259,0.011258433908327235
Sphingomonadaceae,0.09501643476502852,-0.1340996433349894,-0.002720941413862138,-0.008342688910155785,-0.011063630324017923
Selenomonadaceae,0.10522034310388022,-0.12498027598336105,-0.0030131459872193103,-0.0077753492589830095,-0.01078849524620232
Propionibacteriaceae,-0.04902449642178314,0.1503708374150297,0.0014038916839769922,0.009354962373608958,0.01075885405758595
Devosiaceae,0.10875439778521162,-0.12063802649428358,-0.00311434906608738,-0.0075052065818159925,-0.010619555647903373
Beijerinckiaceae,-0.06606371115846804,0.1363518196257099,0.0018918357449322252,0.008482802677031163,0.010374638421963388
Fusobacteriaceae,0.32201797618714983,-4.7928339105583317e-4,-0.009221478890283267,-2.9817471038269814e-5,-0.009251296361321538
Enterobacteriaceae,-0.08021775850937725,0.11127004664285554,0.002297158610456425,0.006922400097969965,0.00921955870842639
Mycobacteriaceae,-0.04018685723820803,0.1290880481565365,0.0011508123244448575,0.008030904490170233,0.00918171681461509
Lysobacteraceae,-0.09512690706557896,0.10312284500159698,0.002724104957710059,0.0064155414137038284,0.009139646371413887
Anaerovoracaceae,-0.015783297339825742,-0.15292924660746315,4.519789390691635e-4,-0.009514127688792059,-0.009062148749722896
Peptostreptococcaceae,0.09515253805122752,-0.09206383828106326,-0.002724838940315297,-0.005727531733512071,-0.008452370673827368
Unclassified_Absconditabacteriales (SR1),0.19407243561325033,-0.04423861722082818,-0.005557562001300666,-0.0027521998724998266,-0.008309761873800493
Streptococcaceae,-0.04245090486950417,0.11347644255034132,0.001215646802587343,0.007059665747683978,0.008275312550271322
Ruminococcaceae,-0.016429703279734045,-0.1404108264615202,4.7048976507955314e-4,-0.008735324089267651,-0.008264834324188099
Succinivibrionaceae,-0.054906131556347465,-0.15229102363512845,0.00157232133152627,-0.009474422171453714,-0.007902100839927444
Family XI,0.289805812208003,0.006756293037109293,-0.008299034144616614,4.203266287118265e-4,-0.007878707515904788
Unclassified_Clostridia,0.12548388771682717,-0.0684732884313165,-0.003593423681971372,-0.0042599020387460735,-0.007853325720717445
Methylophilaceae,-0.051038972133902905,0.10160321275905179,0.0014615792872414279,0.006321001124541934,0.007782580411783362
Christensenellaceae,-0.018293169692434986,-0.13258492329750024,5.238529853287442e-4,-0.00824845422209488,-0.0077246012367661356
Alcanivoracaceae1,0.05117345803373102,0.14685328113947216,-0.0014654304973539497,0.009136126014308322,0.007670695516954372
Spirochaetaceae,-0.044572579533293674,-0.14286470854826516,0.0012764042123314904,-0.008887986500313569,-0.007611582287982079
Unclassified_Clostridia UCG-014,-0.041515747765260236,-0.1380193446570719,0.0011888671438925376,-0.00858654376269385,-0.007397676618801312
Bacteroidaceae,-0.10068667206904312,-0.1643881454753317,0.00288331736013999,-0.010227015703480911,-0.007343698343340921
Campylobacteraceae,0.07541400180865966,-0.0826319029877459,-0.0021595956658834823,-0.005140746414655563,-0.0073003420805390455
