study,family,centroid
Italy,[Eubacterium] coprostanoligenes group,1.2322381837016694
Italy,Acetobacteraceae,-1.0735719859994355
Italy,Acholeplasmataceae,-0.06547167108821589
Italy,Acidaminococcaceae,2.26807306029771
Italy,Actinomycetaceae,-0.5930792622698902
Italy,Aerococcaceae,1.899666461070906
Italy,Aeromonadaceae,-1.2060324710533992
Italy,Akkermansiaceae,0.29857207722616935
Italy,Alcaligenaceae,4.933057522585601
Italy,Alcanivoracaceae1,-0.5271913355287615
Italy,Alteromonadaceae,-1.3582585929395705
Italy,Anaerovoracaceae,0.5858388081670352
Italy,Arcobacteraceae,-0.49582828113328825
Italy,Atopobiaceae,-1.2483973640727595
Italy,Bacillaceae,1.362469419524806
Italy,Bacteriovoracaceae,-0.8902129314167926
Italy,Bacteroidaceae,2.155644994796738
Italy,Bacteroidales RF16 group,0.0453471803075538
Italy,Barnesiellaceae,-1.1511018566199938
Italy,Beijerinckiaceae,0.07130525352273434
Italy,Bifidobacteriaceae,0.09130795540862158
Italy,Bogoriellaceae,-0.6493431819519186
Italy,Brevibacteriaceae,0.04793810890137381
Italy,Butyricicoccaceae,0.5462544988746405
Italy,Caldalkalibacillaceae,-1.3582585929395705
Italy,Campylobacteraceae,-0.6585579765068023
Italy,Carnobacteriaceae,2.948808476065275
Italy,Caulobacteraceae,0.6673907283003255
Italy,Cellulomonadaceae,-1.1029613192445413
Italy,Cellvibrionaceae,-0.16177878315402083
Italy,Chitinophagaceae,0.49142805369083764
Italy,Christensenellaceae,1.6744249249094714
Italy,Clostridiaceae,1.5700746567287949
Italy,Comamonadaceae,1.406601974174181
Italy,Corynebacteriaceae,3.129688909786815
Italy,Crocinitomicaceae,-0.4001589332658006
Italy,Cyclobacteriaceae,-1.2777866973178653
Italy,Defluviitaleaceae,-0.9675588091894309
Italy,Deinococcaceae,-0.07487836967586119
Italy,Demequinaceae,-1.048030704811136
Italy,Dermabacteraceae,-0.9717718263703179
Italy,Dermatophilaceae,-0.9583586270405839
Italy,Desulfovibrionaceae,-0.7448943264546622
Italy,Devosiaceae,-0.45410258467448233
Italy,Dietziaceae,0.7787428299878586
Italy,Dysgonomonadaceae,-0.4853391623426179
Italy,Eggerthellaceae,-1.3582585929395705
Italy,Enterobacteriaceae,-0.5576681075783708
Italy,Enterococcaceae,-1.0861377074134808
Italy,Erwiniaceae,-1.110116361426575
Italy,Erysipelatoclostridiaceae,-0.861910597503507
Italy,Erysipelotrichaceae,1.553483266378429
Italy,Exiguobacteraceae,-1.0511567226602025
Italy,F082,-1.3582585929395705
Italy,Family XI,0.30037493408547633
Italy,Fibrobacteraceae,-1.3582585929395705
Italy,Flavobacteriaceae,1.6556106207193193
Italy,Fusobacteriaceae,-1.0450886798099892
Italy,Gastranaerophilaceae,-0.19700085152653002
Italy,Gemellaceae,-1.2777866973178653
Italy,Geodermatophilaceae,-1.22285608288446
Italy,gir-aah93h0,-1.3582585929395705
Italy,Halomonadaceae,-0.9045841334782212
Italy,Hymenobacteraceae,-0.11488186925007748
Italy,Idiomarinaceae,0.06257154824489615
Italy,Incertae Sedis,-0.7000924448166418
Italy,Intrasporangiaceae,-0.5666657461213579
Italy,JG30-KF-CM45,-1.000723520059944
Italy,Kineosporiaceae,-1.2165979257367596
Italy,Lachnospiraceae,3.927847055782724
Italy,Lactobacillaceae,3.7571163152257947
Italy,Legionellaceae,-1.3582585929395705
Italy,Leptotrichiaceae,-0.9969481424345369
Italy,Lysobacteraceae,2.289895260777254
Italy,Marinifilaceae,-1.3582585929395705
Italy,Marinilabiliaceae,-1.3033279785061649
Italy,Methylophilaceae,-1.3033279785061649
Italy,Microbacteriaceae,0.5960929771544522
Italy,Micrococcaceae,2.1975079044759456
Italy,Micrococcales Incertae Sedis,-1.1834332148662465
Italy,Monoglobaceae,1.3283456224965164
Italy,Moraxellaceae,3.7819895341848846
Italy,Muribaculaceae,-0.07499500330002395
Italy,Mycobacteriaceae,-1.3582585929395705
Italy,Mycoplasmataceae,-1.3582585929395705
Italy,Neisseriaceae,0.10050140274342378
Italy,Nocardiaceae,-1.0494652294342823
Italy,Nocardioidaceae,-0.5445007384189935
Italy,Oscillospiraceae,3.7238324271670864
Italy,Oxalobacteraceae,-0.1126027590319091
Italy,p-251-o5,-0.12230012662183241
Italy,p-2534-18B5 gut group,-0.18537339167148634
Italy,Paenibacillaceae,-1.2060324710533992
Italy,Paludibacteraceae,-0.6189438350933435
Italy,Paracoccaceae,0.8771927195709857
Italy,Pasteurellaceae,-0.5660058001774
Italy,Peptococcaceae,-0.8534396899056046
Italy,Peptostreptococcaceae,2.7907406288566383
Italy,Planococcaceae,3.0342616476392212
Italy,Porphyromonadaceae,-0.7373203038910933
Italy,Prevotellaceae,1.812880303176308
Italy,Promicromonosporaceae,-1.3582585929395705
Italy,Propionibacteriaceae,4.437613696861278
Italy,Pseudobdellovibrionaceae,-1.3582585929395705
Italy,Pseudohongiellaceae,-0.9029596251069985
Italy,Pseudomonadaceae,5.453657860073225
Italy,Pseudonocardiaceae,-1.3582585929395705
Italy,Rhizobiaceae,1.2409162062997356
Italy,Rhodanobacteraceae,-1.3582585929395705
Italy,Rhodocyclaceae,-1.1804911898650998
Italy,Rikenellaceae,2.2765863861978075
Italy,Ruminococcaceae,1.629472695545415
Italy,Saccharimonadaceae,0.5726119251263139
Italy,Saccharospirillaceae,-0.6653193158672907
Italy,Sanguibacteraceae,-1.0735719859994355
Italy,Saprospiraceae,-1.2777866973178653
Italy,Selenomonadaceae,-0.6074197929049721
Italy,Sphingobacteriaceae,1.9018097057742933
Italy,Sphingomonadaceae,1.5174926146878038
Italy,Spirochaetaceae,0.08612579966355205
Italy,Spirosomataceae,-0.27498449724123164
Italy,Staphylococcaceae,3.332854114695433
Italy,Streptococcaceae,5.088730507364617
Italy,Streptomycetaceae,-1.142384187262755
Italy,Succinivibrionaceae,0.6997070411061634
Italy,Sutterellaceae,-0.9733344535455231
Italy,Synergistaceae,-1.3582585929395705
Italy,Tannerellaceae,-1.1804911898650998
Italy,Thermoactinomycetaceae,-1.2300111250664936
Italy,Thermomonosporaceae,-1.1865592327153132
Italy,Trueperaceae,-1.0207035194927325
Italy,UCG-010,1.4997337579945493
Italy,UCG-011,-1.3582585929395705
Italy,Unclassified_Absconditabacteriales (SR1),-1.22285608288446
Italy,Unclassified_Alphaproteobacteria,-0.9931000903777304
Italy,Unclassified_Bacilli,-1.3582585929395705
Italy,Unclassified_Bacillota,-1.3033279785061649
Italy,Unclassified_Bacteria,3.5534702290104936
Italy,Unclassified_Bacteroidales,-0.11567056572370668
Italy,Unclassified_Bacteroidetes VC2.1 Bac22,-1.3582585929395705
Italy,Unclassified_Bacteroidia,-0.8814529573808155
Italy,Unclassified_Bradymonadales,-0.47122536132402576
Italy,Unclassified_Clostridia,-0.8576975803226199
Italy,Unclassified_Clostridia UCG-014,0.7192296450133184
Italy,Unclassified_Clostridia vadinBB60 group,-0.018948831204234858
Italy,Unclassified_Coriobacteriales,-1.3582585929395705
Italy,Unclassified_Gammaproteobacteria,-1.091622653276302
Italy,Unclassified_Izemoplasmatales,-1.0156993465648834
Italy,Unclassified_Microtrichales,-1.3582585929395705
Italy,Unclassified_Oscillospirales,-0.9863100133197773
Italy,Unclassified_Pseudomonadales,-1.2300111250664936
Italy,Unclassified_Pseudomonadota,0.863875301920891
Italy,Unclassified_RF39,-0.747836351455809
Italy,Unclassified_Rhodospirillales,-0.9058381176980723
Italy,Unclassified_Saccharimonadales,-0.8608235981716866
Italy,Unclassified_Veillonellales-Selenomonadales,-1.3582585929395705
Italy,Unclassified_WCHB1-41,-0.7969464482969939
Italy,Veillonellaceae,-0.5550204474449999
Italy,Weeksellaceae,2.1190388365153816
Italy,Wohlfahrtiimonadaceae,-1.3582585929395705
Italy,Xanthobacteraceae,-1.3582585929395705
Manitoba,[Eubacterium] coprostanoligenes group,2.218133156821998
Manitoba,Acetobacteraceae,-1.3816024414866181
Manitoba,Acholeplasmataceae,-0.5041287285870796
Manitoba,Acidaminococcaceae,0.8982774724353668
Manitoba,Actinomycetaceae,-0.2657418210555901
Manitoba,Aerococcaceae,2.253094111516401
Manitoba,Aeromonadaceae,-1.4057016778752018
Manitoba,Akkermansiaceae,-1.6646820418882367
Manitoba,Alcaligenaceae,1.1780388073262564
Manitoba,Alcanivoracaceae1,-1.6733480566565437
Manitoba,Alteromonadaceae,-1.2854865780535114
Manitoba,Anaerovoracaceae,3.146132578756806
Manitoba,Arcobacteraceae,-1.6470673652066508
Manitoba,Atopobiaceae,-0.5286258325208398
Manitoba,Bacillaceae,3.0501416431967185
Manitoba,Bacteriovoracaceae,-1.4108196090861769
Manitoba,Bacteroidaceae,3.005943558598555
Manitoba,Bacteroidales RF16 group,1.7690757722004262
Manitoba,Barnesiellaceae,-1.2492605437875
Manitoba,Beijerinckiaceae,-0.6899932931244077
Manitoba,Bifidobacteriaceae,0.2922646506925698
Manitoba,Bogoriellaceae,-1.551032494784639
Manitoba,Brevibacteriaceae,-0.5847002632827677
Manitoba,Butyricicoccaceae,0.3141452842454484
Manitoba,Caldalkalibacillaceae,-1.3145020915191936
Manitoba,Campylobacteraceae,-0.7174232029571805
Manitoba,Carnobacteriaceae,1.3523777294132524
Manitoba,Caulobacteraceae,0.03090720096282026
Manitoba,Cellulomonadaceae,-0.7748616081443407
Manitoba,Cellvibrionaceae,2.0877434487806372
Manitoba,Chitinophagaceae,-0.15838337426683483
Manitoba,Christensenellaceae,3.3423035548765276
Manitoba,Clostridiaceae,1.6600355521524772
Manitoba,Comamonadaceae,3.435215445354319
Manitoba,Corynebacteriaceae,2.8934517744625596
Manitoba,Crocinitomicaceae,-0.7375456644427119
Manitoba,Cyclobacteriaceae,-1.4128485918455884
Manitoba,Defluviitaleaceae,-0.9360872294554674
Manitoba,Deinococcaceae,-1.7404484066239683
Manitoba,Demequinaceae,-0.7793885593554295
Manitoba,Dermabacteraceae,-0.3271552479584677
Manitoba,Dermatophilaceae,-1.4065036386394871
Manitoba,Desulfovibrionaceae,0.686928892215405
Manitoba,Devosiaceae,-0.15526068380195293
Manitoba,Dietziaceae,1.0393617127202683
Manitoba,Dysgonomonadaceae,-0.8069923810953502
Manitoba,Eggerthellaceae,-0.5482757968041313
Manitoba,Enterobacteriaceae,-0.1645228142355627
Manitoba,Enterococcaceae,-0.0033576160117546644
Manitoba,Erwiniaceae,-1.446911076318501
Manitoba,Erysipelatoclostridiaceae,0.04083568355983559
Manitoba,Erysipelotrichaceae,2.292911143281284
Manitoba,Exiguobacteraceae,-1.6646820418882367
Manitoba,F082,-0.8085482037466186
Manitoba,Family XI,1.9021575164125457
Manitoba,Fibrobacteraceae,-1.2396870356289387
Manitoba,Flavobacteriaceae,2.660096708185398
Manitoba,Fusobacteriaceae,1.571718728358868
Manitoba,Gastranaerophilaceae,-0.11304779719321899
Manitoba,Gemellaceae,-1.5004691475848657
Manitoba,Geodermatophilaceae,-1.3536596085947294
Manitoba,gir-aah93h0,-0.5247712925547833
Manitoba,Halomonadaceae,-1.1749386942831186
Manitoba,Hymenobacteraceae,-1.4779199590536014
Manitoba,Idiomarinaceae,-1.3015201063041966
Manitoba,Incertae Sedis,-1.3199822280219493
Manitoba,Intrasporangiaceae,-0.43601867616273343
Manitoba,JG30-KF-CM45,-0.5841738118678081
Manitoba,Kineosporiaceae,-1.5420838328713604
Manitoba,Lachnospiraceae,4.666146987731443
Manitoba,Lactobacillaceae,-0.3653711977688218
Manitoba,Legionellaceae,-1.4507317742134542
Manitoba,Leptotrichiaceae,-1.2945477817070947
Manitoba,Lysobacteraceae,2.731640583738257
Manitoba,Marinifilaceae,-1.1939328652617287
Manitoba,Marinilabiliaceae,-0.5703215851642499
Manitoba,Methylophilaceae,-1.0292529633917293
Manitoba,Microbacteriaceae,2.3263683304339455
Manitoba,Micrococcaceae,2.6522691433038834
Manitoba,Micrococcales Incertae Sedis,-0.5494659373393572
Manitoba,Monoglobaceae,1.4902641892670994
Manitoba,Moraxellaceae,3.7200170948889313
Manitoba,Muribaculaceae,0.8697185862149237
Manitoba,Mycobacteriaceae,-0.4614203229640611
Manitoba,Mycoplasmataceae,-1.3617007771177538
Manitoba,Neisseriaceae,-1.255272729551113
Manitoba,Nocardiaceae,-0.7498398242145107
Manitoba,Nocardioidaceae,1.3085610136937817
Manitoba,Oscillospiraceae,4.032998443852749
Manitoba,Oxalobacteraceae,-1.097414865975248
Manitoba,p-251-o5,-0.9710339356736675
Manitoba,p-2534-18B5 gut group,-0.6276685048691375
Manitoba,Paenibacillaceae,-0.010054023637901437
Manitoba,Paludibacteraceae,0.13476801370788116
Manitoba,Paracoccaceae,0.8079738053705682
Manitoba,Pasteurellaceae,-1.171877503675946
Manitoba,Peptococcaceae,0.3707572528501721
Manitoba,Peptostreptococcaceae,3.8443827379447497
Manitoba,Planococcaceae,2.371904193598541
Manitoba,Porphyromonadaceae,0.6569311133386416
Manitoba,Prevotellaceae,2.656786080746599
Manitoba,Promicromonosporaceae,-1.3070002428069523
Manitoba,Propionibacteriaceae,0.8582878516724515
Manitoba,Pseudobdellovibrionaceae,-1.4224221000041497
Manitoba,Pseudohongiellaceae,-0.8382750763596171
Manitoba,Pseudomonadaceae,2.0935445054917627
Manitoba,Pseudonocardiaceae,-0.210846103417377
Manitoba,Rhizobiaceae,0.545137859571751
Manitoba,Rhodanobacteraceae,-1.4749834829039357
Manitoba,Rhodocyclaceae,-1.4241684356185895
Manitoba,Rikenellaceae,2.7553978687215572
Manitoba,Ruminococcaceae,2.5514289233569416
Manitoba,Saccharimonadaceae,0.27823727375005514
Manitoba,Saccharospirillaceae,-1.1861743438836758
Manitoba,Sanguibacteraceae,-1.5244691561897745
Manitoba,Saprospiraceae,-1.3523852738870594
Manitoba,Selenomonadaceae,0.9185307647669166
Manitoba,Sphingobacteriaceae,3.1204730410641197
Manitoba,Sphingomonadaceae,0.3115799397614218
Manitoba,Spirochaetaceae,0.4019490733991774
Manitoba,Spirosomataceae,-0.3482753926432914
Manitoba,Staphylococcaceae,2.3581028941709348
Manitoba,Streptococcaceae,0.8247161505763582
Manitoba,Streptomycetaceae,-1.5128666652718015
Manitoba,Succinivibrionaceae,1.206987581706632
Manitoba,Sutterellaceae,0.5127237656449399
Manitoba,Synergistaceae,-1.375590255723005
Manitoba,Tannerellaceae,-0.9409779258499232
Manitoba,Thermoactinomycetaceae,-0.5217062691598067
Manitoba,Thermomonosporaceae,-1.2013820405563957
Manitoba,Trueperaceae,-1.5975816919208121
Manitoba,UCG-010,2.4903171145390925
Manitoba,UCG-011,-1.1058093615562825
Manitoba,Unclassified_Absconditabacteriales (SR1),-0.7558104924925882
Manitoba,Unclassified_Alphaproteobacteria,-1.6646820418882367
Manitoba,Unclassified_Bacilli,1.0483347026557885
Manitoba,Unclassified_Bacillota,-1.089576477141408
Manitoba,Unclassified_Bacteria,-0.5768636513690635
Manitoba,Unclassified_Bacteroidales,1.0203979164961692
Manitoba,Unclassified_Bacteroidetes VC2.1 Bac22,-1.4981884647398815
Manitoba,Unclassified_Bacteroidia,-1.131843601412977
Manitoba,Unclassified_Bradymonadales,-1.3341457509601908
Manitoba,Unclassified_Clostridia,-0.19172408990398537
Manitoba,Unclassified_Clostridia UCG-014,0.5010868812049613
Manitoba,Unclassified_Clostridia vadinBB60 group,0.5222963521511037
Manitoba,Unclassified_Coriobacteriales,-1.4955346357351873
Manitoba,Unclassified_Gammaproteobacteria,-1.3921272584906563
Manitoba,Unclassified_Izemoplasmatales,-1.2503382177014346
Manitoba,Unclassified_Microtrichales,-1.3313217414318164
Manitoba,Unclassified_Oscillospirales,-0.056659748516115715
Manitoba,Unclassified_Pseudomonadales,-1.1362055417333683
Manitoba,Unclassified_Pseudomonadota,-1.4065036386394871
Manitoba,Unclassified_RF39,-0.9426741411668463
Manitoba,Unclassified_Rhodospirillales,-0.6131121868942226
Manitoba,Unclassified_Saccharimonadales,-1.5965040180068775
Manitoba,Unclassified_Veillonellales-Selenomonadales,-1.1980723503424442
Manitoba,Unclassified_WCHB1-41,-1.7404484066239683
Manitoba,Veillonellaceae,-1.0395761262618908
Manitoba,Weeksellaceae,1.258740808929977
Manitoba,Wohlfahrtiimonadaceae,-0.8341345612275589
Manitoba,Xanthobacteraceae,-1.2460222472547449
