study,trajectory_global,cow_global,cow_id,quarter,z_PC2,ecological_resistance,bray_displacement,PC2_tertile
Italy,Italy__270_FL,Italy__270,270,FL,0.40548156477801345,0.6840829096597576,0.31591709034024246,Mid_PC2
Italy,Italy__270_FR,Italy__270,270,FR,-1.472631414207333,0.4796960341961529,0.5203039658038471,Low_PC2
Italy,Italy__270_RL,Italy__270,270,RL,-1.552245764373754,0.4519401062630817,0.5480598937369183,Low_PC2
Italy,Italy__270_RR,Italy__270,270,RR,-1.5959413857031977,0.4578813018506701,0.5421186981493299,Low_PC2
Italy,Italy__321_FL,Italy__321,321,FL,-0.22923198897578245,0.5853889195366064,0.4146110804633935,Mid_PC2
Italy,Italy__321_FR,Italy__321,321,FR,1.5236486059343188,0.7462355365351085,0.2537644634648914,High_PC2
Italy,Italy__321_RL,Italy__321,321,RL,-1.155306489070217,0.3915653135365661,0.6084346864634339,Low_PC2
Italy,Italy__321_RR,Italy__321,321,RR,0.12441564678080784,0.6911028580655578,0.3088971419344421,Mid_PC2
Italy,Italy__355_FL,Italy__355,355,FL,-1.8484860841483977,0.31692772521268986,0.6830722747873101,Low_PC2
Italy,Italy__355_FR,Italy__355,355,FR,-0.38012640643680057,0.5167433740676084,0.48325662593239166,Mid_PC2
Italy,Italy__355_RL,Italy__355,355,RL,-0.6157392052674786,0.5942017660389154,0.4057982339610846,Low_PC2
Italy,Italy__355_RR,Italy__355,355,RR,-0.19821364431789576,0.6023037284025462,0.3976962715974538,Mid_PC2
Italy,Italy__365_FL,Italy__365,365,FL,1.5125231256390366,0.6410316898639616,0.35896831013603836,High_PC2
Italy,Italy__365_FR,Italy__365,365,FR,1.0206298124728188,0.6683760683760684,0.3316239316239316,High_PC2
Italy,Italy__365_RL,Italy__365,365,RL,-1.1403775913120997,0.26486614546316034,0.7351338545368397,Low_PC2
Italy,Italy__365_RR,Italy__365,365,RR,0.27000794629967967,0.6092394278120847,0.39076057218791527,Mid_PC2
Italy,Italy__366_FL,Italy__366,366,FL,1.630864207509079,0.4545817687944396,0.5454182312055604,High_PC2
Italy,Italy__366_FR,Italy__366,366,FR,1.848135688079442,0.7768073750606501,0.22319262493934983,High_PC2
Italy,Italy__366_RL,Italy__366,366,RL,0.05692116652582152,0.51118559513602,0.48881440486398,Mid_PC2
Italy,Italy__366_RR,Italy__366,366,RR,1.795672209793937,0.6468378209142142,0.35316217908578584,High_PC2
Manitoba,Manitoba__MB001,Manitoba__1369,1369,LR,0.7667323740947065,0.5031677225741914,0.4968322774258086,High_PC2
Manitoba,Manitoba__MB002,Manitoba__1369,1369,RR,1.1832490398738813,0.4159677960415967,0.5840322039584033,High_PC2
Manitoba,Manitoba__MB003,Manitoba__1618,1618,LF,-0.5256993679573972,0.3095737246680643,0.6904262753319357,Low_PC2
Manitoba,Manitoba__MB004,Manitoba__1618,1618,LR,-1.168016343536804,0.4921588254921589,0.5078411745078412,Low_PC2
Manitoba,Manitoba__MB005,Manitoba__1618,1618,RF,-0.26163509811514746,0.6394262841894596,0.3605737158105404,Mid_PC2
Manitoba,Manitoba__MB006,Manitoba__1618,1618,RR,0.5629291330310693,0.5382048715382048,0.4617951284617951,High_PC2
Manitoba,Manitoba__MB007,Manitoba__1873,1873,LF,-0.8516720729510586,0.6953763979302287,0.30462360206977135,Low_PC2
Manitoba,Manitoba__MB008,Manitoba__1873,1873,RF,-0.8322815029972763,0.3742342026956065,0.6257657973043935,Low_PC2
Manitoba,Manitoba__MB009,Manitoba__1943,1943,LF,-0.0034052390572623,0.6005004170141786,0.3994995829858215,Mid_PC2
Manitoba,Manitoba__MB010,Manitoba__1943,1943,LR,-0.01179384943348146,0.587489574645538,0.412510425354462,Mid_PC2
Manitoba,Manitoba__MB011,Manitoba__1943,1943,RF,-0.1843546516632304,0.30218281036834926,0.6978171896316507,Mid_PC2
Manitoba,Manitoba__MB012,Manitoba__1943,1943,RR,-1.1182854878213528,0.42018779342723,0.57981220657277,Low_PC2
Manitoba,Manitoba__MB013,Manitoba__2196,2196,LF,1.246798196433839,0.5436051359012839,0.4563948640987161,High_PC2
Manitoba,Manitoba__MB014,Manitoba__2196,2196,RR,-0.3444578400095488,0.613920881321983,0.38607911867801703,Mid_PC2
Manitoba,Manitoba__MB015,Manitoba__2260,2260,LF,-0.114276849733188,0.3775613033254954,0.6224386966745046,Mid_PC2
Manitoba,Manitoba__MB016,Manitoba__2260,2260,LR,-0.12967360954399548,0.327791771620487,0.672208228379513,Mid_PC2
Manitoba,Manitoba__MB017,Manitoba__2260,2260,RF,0.8973037025541758,0.5122561280640321,0.487743871935968,High_PC2
Manitoba,Manitoba__MB018,Manitoba__2260,2260,RR,-0.6146161767064979,0.3578104138851802,0.6421895861148198,Low_PC2
Manitoba,Manitoba__MB019,Manitoba__2408,2408,LF,-0.41427295371416584,0.1323308270676692,0.8676691729323308,Mid_PC2
Manitoba,Manitoba__MB020,Manitoba__2408,2408,LR,-1.4864751617879322,0.42068390325271054,0.5793160967472895,Low_PC2
Manitoba,Manitoba__MB021,Manitoba__2408,2408,RF,1.0966920900108692,0.7138800734925672,0.2861199265074328,High_PC2
Manitoba,Manitoba__MB022,Manitoba__2408,2408,RR,0.4244936183097007,0.532996632996633,0.467003367003367,High_PC2
Manitoba,Manitoba__MB023,Manitoba__2443,2443,LR,-0.4719050123794476,0.14415322580645162,0.8558467741935484,Low_PC2
Manitoba,Manitoba__MB024,Manitoba__2443,2443,RF,-0.7167386676823978,0.40140023337222874,0.5985997666277713,Low_PC2
Manitoba,Manitoba__MB025,Manitoba__2443,2443,RR,1.1831753882728668,0.2579026593075765,0.7420973406924235,High_PC2
Manitoba,Manitoba__MB026,Manitoba__7215,7215,LF,1.6140723415830067,0.4422753281723325,0.5577246718276675,High_PC2
Manitoba,Manitoba__MB027,Manitoba__7215,7215,LR,-0.10532729757741777,0.4635451505016722,0.5364548494983278,Mid_PC2
Manitoba,Manitoba__MB028,Manitoba__7215,7215,RF,-0.44636184763011366,0.406547519625856,0.593452480374144,Low_PC2
Manitoba,Manitoba__MB029,Manitoba__7215,7215,RR,0.8258031461336001,0.45609348914858094,0.5439065108514191,High_PC2
